1
2
3
4
5
6
7
8
9
10
11
12
13
14
15
16
17
18
19
20
21
22
23
24
25
26
27
28
29
30
31
32
33
34
35
36
37
38
39
40
41
42
43
44
45
46
47
48
49
50
51
52
53
54
55
56
57
58
59
60
61
62
63
64
65
66
67
68
69
70
71
72
73
74
75
76
77
78
79
80
81
82
83
84
85
86
87
88
89
90
91
92
93
94
95
96
97
98
99
100
101
102
103
104
105
106
107
108
109
110
111
112
113
114
115
116
117
118
119
120
121
122
123
124
125
126
127
128
129
130
131
132
133
134
135
136
137
138
139
140
141
142
143
144
145
146
147
148
149
150
151
152
153
154
155
156
157
158
159
160
161
162
163
164
165
166
167
168
169
170
171
172
173
174
175
176
177
178
179
180
181
182
183
184
185
186
187
188
189
190
191
192
193
194
195
196
197
198
199
200
201
202
203
204
205
206
207
208
209
210
211
212
213
214
215
216
217
218
219
220
221
222
223
224
225
226
227
228
229
230
231
232
233
234
235
236
237
238
239
240
241
242
243
244
245
246
247
248
249
250
251
252
253
254
255
256
257
258
259
260
261
262
263
264
265
266
267
268
269
270
271
272
273
274
275
276
277
278
279
280
281
282
283
284
285
286
287
288
289
290
291
292
293
294
295
296
297
298
299
300
301
302
303
304
305
306
307
308
309
310
311
312
313
314
315
316
317
318
319
320
321
322
323
324
325
326
327
328
329
330
331
332
333
334
335
336
337
338
339
340
341
342
343
344
345
346
347
348
349
350
351
352
353
354
355
356
357
358
359
360
361
362
363
364
365
366
367
368
369
370
371
372
373
374
375
376
377
378
379
380
381
382
383
384
385
386
387
388
389
390
391
392
393
394
395
396
397
398
399
400
401
402
403
404
405
406
407
408
409
410
411
412
413
414
415
416
417
418
419
420
421
422
423
424
425
426
427
428
429
430
431
432
433
434
435
436
437
438
439
440
441
442
443
444
445
446
447
448
449
450
451
452
453
454
455
456
457
458
459
460
461
462
463
464
465
466
467
468
469
470
471
472
473
474
475
476
477
478
479
480
481
482
483
484
485
486
487
488
489
490
491
492
493
494
495
496
497
498
499
500
501
502
503
504
505
506
507
508
509
510
511
512
513
514
515
516
517
518
519
520
521
522
523
524
525
526
527
528
529
530
531
532
533
534
535
536
537
538
539
540
541
542
543
544
545
546
547
548
549
550
551
552
553
554
555
556
557
558
559
560
561
562
563
564
565
566
567
568
569
570
571
572
573
574
575
576
577
578
579
580
581
582
583
584
585
586
587
588
589
590
591
592
593
594
595
596
597
598
599
600
601
602
603
604
605
606
607
608
609
610
611
612
613
614
615
616
617
618
619
620
621
622
623
624
625
626
627
628
629
630
631
632
633
634
635
636
637
638
639
640
641
642
643
644
645
646
647
648
649
650
651
652
653
654
655
656
657
658
659
660
661
662
663
664
665
666
667
668
669
670
671
672
673
674
675
676
677
678
679
680
681
682
683
684
685
686
687
688
689
690
691
692
693
694
695
696
697
698
699
700
701
702
703
704
705
706
707
708
709
710
711
712
713
714
715
716
717
718
719
720
721
722
723
724
725
726
727
728
729
730
731
732
733
734
735
736
737
738
739
740
741
742
743
744
745
746
747
748
749
750
751
752
753
754
755
756
757
758
759
760
761
762
763
764
765
766
767
768
769
770
771
772
773
774
775
776
777
778
779
780
781
782
783
784
785
786
787
788
789
790
791
792
793
794
795
796
797
798
799
800
801
802
803
804
805
806
807
808
809
810
811
812
813
814
815
816
817
818
819
820
821
822
823
824
825
826
827
828
829
830
831
832
833
834
835
836
837
838
839
840
841
842
843
844
845
846
847
848
849
850
851
852
853
854
855
856
857
858
859
860
861
862
863
864
865
866
867
868
869
870
871
872
873
874
875
876
877
878
879
880
881
882
883
884
885
886
887
888
889
890
891
892
893
894
895
896
897
898
899
900
901
902
903
904
905
906
907
908
909
910
911
912
913
914
915
916
917
918
919
920
921
922
923
924
925
926
927
928
929
930
931
932
933
934
935
936
937
938
939
940
941
942
943
944
945
946
947
948
949
950
951
952
953
954
955
956
957
958
959
960
961
962
963
964
965
966
967
968
969
970
971
972
973
974
975
976
977
978
979
980
981
982
983
984
985
986
987
988
989
990
991
992
993
994
995
996
997
998
999
1000
1001
1002
1003
1004
1005
1006
1007
1008
1009
1010
1011
1012
1013
1014
1015
1016
1017
1018
1019
1020
1021
1022
1023
1024
1025
1026
1027
1028
1029
1030
1031
1032
1033
1034
1035
1036
1037
1038
1039
1040
1041
1042
1043
1044
1045
1046
1047
1048
1049
1050
1051
1052
1053
1054
1055
1056
1057
1058
1059
1060
1061
1062
1063
1064
1065
1066
1067
1068
1069
1070
1071
1072
1073
1074
1075
1076
1077
1078
1079
1080
1081
1082
1083
1084
1085
1086
1087
1088
1089
1090
1091
1092
1093
1094
1095
1096
1097
1098
1099
1100
1101
1102
1103
1104
1105
1106
1107
1108
1109
1110
1111
1112
1113
1114
1115
1116
1117
1118
1119
1120
1121
1122
1123
1124
1125
1126
1127
1128
1129
1130
1131
1132
1133
1134
1135
1136
1137
1138
1139
1140
1141
1142
1143
1144
1145
1146
1147
1148
1149
1150
1151
1152
1153
1154
1155
1156
1157
1158
1159
1160
1161
1162
1163
1164
1165
1166
1167
1168
1169
1170
1171
1172
1173
1174
1175
1176
1177
1178
1179
1180
1181
1182
1183
1184
1185
1186
1187
1188
1189
1190
1191
1192
1193
1194
1195
1196
1197
1198
1199
1200
1201
1202
1203
1204
1205
1206
1207
1208
1209
1210
1211
1212
1213
1214
1215
1216
1217
1218
1219
1220
1221
1222
1223
1224
1225
1226
1227
1228
1229
1230
1231
1232
1233
1234
1235
1236
1237
1238
1239
1240
1241
1242
1243
1244
1245
1246
1247
1248
1249
1250
1251
1252
1253
1254
1255
1256
1257
1258
1259
1260
1261
1262
1263
1264
1265
1266
1267
1268
1269
1270
1271
1272
1273
1274
1275
1276
1277
1278
1279
1280
1281
1282
1283
1284
1285
1286
1287
1288
1289
1290
1291
1292
1293
1294
1295
1296
1297
1298
1299
1300
1301
1302
1303
1304
1305
1306
1307
1308
1309
1310
1311
1312
1313
1314
1315
1316
1317
1318
1319
1320
1321
1322
1323
1324
1325
1326
1327
1328
1329
1330
1331
1332
1333
1334
1335
1336
1337
1338
1339
1340
1341
1342
1343
1344
1345
1346
1347
1348
1349
1350
1351
1352
1353
1354
1355
1356
1357
1358
1359
1360
1361
1362
1363
1364
1365
1366
1367
1368
1369
1370
1371
1372
1373
1374
1375
1376
1377
1378
1379
1380
1381
1382
1383
1384
1385
1386
1387
1388
1389
1390
1391
1392
1393
1394
1395
1396
1397
1398
1399
1400
1401
1402
1403
1404
1405
1406
1407
1408
1409
1410
1411
1412
1413
1414
1415
1416
1417
1418
1419
1420
1421
1422
1423
1424
1425
1426
1427
1428
1429
1430
1431
1432
1433
1434
1435
1436
1437
1438
1439
1440
1441
1442
1443
1444
1445
1446
1447
1448
1449
1450
1451
1452
1453
1454
1455
1456
1457
1458
1459
1460
1461
1462
1463
1464
1465
1466
1467
1468
1469
1470
1471
1472
1473
1474
1475
1476
1477
1478
1479
1480
1481
1482
1483
1484
1485
1486
1487
1488
1489
1490
1491
1492
1493
1494
1495
1496
1497
1498
1499
1500
1501
1502
1503
1504
1505
1506
1507
1508
1509
1510
1511
1512
1513
1514
1515
1516
1517
1518
1519
1520
1521
1522
1523
1524
1525
1526
1527
1528
1529
1530
1531
1532
1533
1534
1535
1536
1537
1538
1539
1540
1541
1542
1543
1544
1545
1546
1547
1548
1549
1550
1551
1552
1553
1554
1555
1556
1557
1558
1559
1560
1561
1562
1563
1564
1565
1566
1567
1568
1569
1570
1571
1572
1573
1574
1575
1576
1577
1578
1579
1580
1581
1582
1583
1584
1585
1586
1587
1588
1589
1590
1591
1592
1593
1594
1595
1596
1597
1598
1599
1600
1601
1602
1603
1604
1605
1606
1607
1608
1609
1610
1611
1612
1613
1614
1615
1616
1617
1618
1619
1620
1621
1622
1623
1624
1625
1626
1627
1628
1629
1630
1631
1632
1633
1634
1635
1636
1637
1638
1639
1640
1641
1642
1643
1644
1645
1646
1647
1648
1649
1650
1651
1652
1653
1654
1655
1656
1657
1658
1659
1660
1661
1662
1663
1664
1665
1666
1667
1668
1669
1670
1671
1672
1673
1674
1675
1676
1677
1678
1679
1680
1681
1682
1683
1684
1685
1686
1687
1688
1689
1690
1691
1692
1693
1694
1695
1696
1697
1698
1699
1700
1701
1702
1703
1704
1705
1706
1707
1708
1709
1710
1711
1712
1713
1714
1715
1716
1717
1718
1719
1720
1721
1722
1723
1724
1725
1726
1727
1728
1729
1730
1731
1732
1733
1734
1735
1736
1737
1738
1739
1740
1741
1742
1743
1744
1745
1746
1747
1748
1749
1750
1751
1752
1753
1754
1755
1756
1757
1758
1759
1760
1761
1762
1763
1764
1765
1766
1767
1768
1769
1770
1771
1772
1773
1774
1775
1776
1777
1778
1779
1780
1781
1782
1783
1784
1785
1786
1787
1788
1789
1790
1791
1792
1793
1794
1795
1796
1797
1798
1799
1800
1801
1802
1803
1804
1805
1806
1807
1808
1809
1810
1811
1812
1813
1814
1815
1816
1817
1818
1819
1820
1821
1822
1823
1824
1825
1826
1827
1828
1829
1830
1831
1832
1833
1834
1835
1836
1837
1838
1839
1840
1841
1842
1843
1844
1845
1846
1847
1848
1849
1850
1851
1852
1853
1854
1855
1856
1857
1858
1859
1860
1861
1862
1863
1864
1865
1866
1867
1868
1869
1870
1871
1872
1873
1874
1875
1876
1877
1878
1879
1880
1881
1882
1883
1884
1885
1886
1887
1888
1889
1890
1891
1892
1893
1894
1895
1896
1897
1898
1899
1900
1901
1902
1903
1904
1905
1906
1907
1908
1909
1910
1911
1912
1913
1914
1915
1916
1917
1918
1919
1920
1921
1922
1923
1924
1925
1926
1927
1928
1929
1930
1931
1932
1933
1934
1935
1936
1937
1938
1939
1940
1941
1942
1943
1944
1945
1946
1947
1948
1949
1950
1951
1952
1953
1954
1955
1956
1957
1958
1959
1960
1961
1962
1963
1964
1965
1966
1967
1968
1969
1970
1971
1972
1973
1974
1975
1976
1977
1978
1979
1980
1981
1982
1983
1984
1985
1986
1987
1988
1989
1990
1991
1992
1993
1994
1995
1996
1997
1998
1999
2000
2001
2002
2003
2004
2005
2006
2007
2008
2009
2010
2011
2012
2013
2014
2015
2016
2017
2018
2019
2020
2021
2022
2023
2024
2025
2026
2027
2028
2029
2030
2031
2032
2033
2034
2035
2036
2037
2038
2039
2040
2041
2042
2043
2044
2045
2046
2047
2048
2049
2050
2051
2052
2053
2054
2055
2056
2057
2058
2059
2060
2061
2062
2063
2064
2065
2066
2067
2068
2069
2070
2071
2072
2073
2074
2075
2076
2077
2078
2079
2080
2081
2082
2083
2084
2085
2086
2087
2088
2089
2090
2091
2092
2093
2094
2095
2096
2097
2098
2099
2100
2101
2102
2103
2104
2105
2106
2107
2108
2109
2110
2111
2112
2113
2114
2115
2116
2117
2118
2119
2120
2121
2122
2123
2124
2125
2126
2127
2128
2129
2130
2131
2132
2133
2134
2135
2136
2137
2138
2139
2140
2141
2142
2143
2144
2145
2146
2147
2148
2149
2150
2151
2152
2153
2154
2155
2156
2157
2158
2159
2160
2161
2162
2163
2164
2165
2166
2167
2168
2169
2170
2171
2172
2173
2174
2175
2176
2177
2178
2179
2180
2181
2182
2183
2184
2185
2186
2187
2188
2189
2190
2191
2192
2193
2194
2195
2196
2197
2198
2199
2200
2201
2202
2203
2204
2205
2206
2207
2208
2209
2210
2211
2212
2213
2214
2215
2216
2217
2218
2219
2220
2221
2222
2223
2224
2225
2226
2227
2228
2229
2230
2231
2232
2233
2234
2235
2236
2237
2238
2239
2240
2241
2242
2243
2244
2245
2246
2247
2248
2249
2250
2251
2252
2253
2254
2255
2256
2257
2258
2259
2260
2261
2262
2263
2264
2265
2266
2267
2268
2269
2270
2271
2272
2273
2274
2275
2276
2277
2278
2279
2280
2281
2282
2283
2284
2285
2286
2287
2288
2289
2290
2291
2292
2293
2294
2295
2296
2297
2298
2299
2300
2301
2302
2303
2304
2305
2306
2307
2308
2309
2310
2311
2312
2313
2314
2315
2316
2317
2318
2319
2320
2321
2322
2323
2324
2325
2326
2327
2328
2329
2330
2331
2332
2333
2334
2335
2336
2337
2338
2339
2340
2341
2342
2343
2344
2345
2346
2347
2348
2349
2350
2351
2352
2353
2354
2355
2356
2357
2358
2359
2360
2361
2362
2363
2364
2365
2366
2367
2368
2369
2370
2371
2372
2373
2374
2375
2376
2377
2378
2379
2380
2381
2382
2383
2384
2385
2386
2387
2388
2389
2390
2391
2392
2393
2394
2395
2396
2397
2398
2399
2400
2401
2402
2403
2404
2405
2406
2407
2408
2409
2410
2411
2412
2413
2414
2415
2416
2417
2418
2419
2420
2421
2422
2423
2424
2425
2426
2427
2428
2429
2430
2431
2432
2433
2434
2435
2436
2437
2438
2439
2440
2441
2442
2443
2444
2445
2446
2447
2448
2449
2450
2451
2452
2453
2454
2455
2456
2457
2458
2459
2460
2461
2462
2463
2464
2465
2466
2467
2468
2469
2470
2471
2472
2473
2474
2475
2476
2477
2478
2479
2480
2481
2482
2483
2484
2485
2486
2487
2488
2489
2490
2491
2492
2493
2494
2495
2496
2497
2498
2499
2500
2501
2502
2503
2504
2505
2506
2507
2508
2509
2510
2511
2512
2513
2514
2515
2516
2517
2518
2519
2520
2521
2522
2523
2524
2525
2526
2527
2528
2529
2530
2531
2532
2533
2534
2535
2536
2537
2538
2539
2540
2541
2542
2543
2544
2545
2546
2547
2548
2549
2550
2551
2552
2553
2554
2555
2556
2557
2558
2559
2560
2561
2562
2563
2564
2565
2566
2567
2568
2569
2570
2571
2572
2573
2574
2575
2576
2577
2578
2579
2580
2581
2582
2583
2584
2585
2586
2587
2588
2589
2590
2591
2592
2593
2594
2595
2596
2597
2598
2599
2600
2601
2602
2603
2604
2605
2606
2607
2608
2609
2610
2611
2612
2613
2614
2615
2616
2617
2618
2619
2620
2621
2622
2623
2624
2625
2626
2627
2628
2629
2630
2631
2632
2633
2634
2635
2636
2637
2638
2639
2640
2641
2642
2643
2644
2645
2646
2647
2648
2649
2650
2651
2652
2653
2654
2655
2656
2657
2658
2659
2660
2661
2662
2663
2664
2665
2666
2667
2668
2669
2670
2671
2672
2673
2674
2675
2676
2677
2678
2679
2680
2681
2682
2683
2684
2685
2686
2687
2688
2689
2690
2691
2692
2693
2694
2695
2696
2697
2698
2699
2700
2701
2702
2703
2704
2705
2706
2707
2708
2709
2710
2711
2712
2713
2714
2715
2716
2717
2718
2719
2720
2721
2722
2723
2724
2725
2726
2727
2728
2729
2730
2731
2732
2733
2734
2735
2736
2737
2738
2739
2740
2741
2742
2743
2744
2745
2746
2747
2748
2749
2750
2751
2752
2753
2754
2755
2756
2757
2758
2759
2760
2761
2762
2763
2764
2765
2766
2767
2768
2769
2770
2771
2772
2773
2774
2775
2776
2777
2778
2779
2780
2781
2782
2783
2784
2785
2786
2787
2788
2789
2790
2791
2792
2793
2794
2795
2796
2797
2798
2799
2800
2801
2802
2803
2804
2805
2806
2807
2808
2809
2810
2811
2812
2813
2814
2815
2816
2817
2818
2819
2820
2821
2822
2823
2824
2825
2826
2827
2828
2829
2830
2831
2832
2833
2834
2835
2836
2837
2838
2839
2840
2841
2842
2843
2844
2845
2846
2847
2848
2849
2850
2851
2852
2853
2854
2855
2856
2857
2858
2859
2860
2861
2862
2863
2864
2865
2866
2867
2868
2869
2870
2871
2872
2873
2874
2875
2876
2877
2878
2879
2880
2881
2882
2883
2884
2885
2886
2887
2888
2889
2890
2891
2892
2893
2894
2895
2896
2897
2898
2899
2900
2901
2902
2903
2904
2905
2906
2907
2908
2909
2910
2911
2912
2913
2914
2915
2916
2917
2918
2919
2920
2921
2922
2923
2924
2925
2926
2927
2928
2929
2930
2931
2932
2933
2934
2935
2936
2937
2938
2939
2940
2941
2942
2943
2944
2945
2946
2947
2948
2949
2950
2951
2952
2953
2954
2955
2956
2957
2958
2959
2960
2961
2962
2963
2964
2965
2966
2967
2968
2969
2970
2971
2972
2973
2974
2975
2976
2977
2978
2979
2980
2981
2982
2983
2984
2985
2986
2987
2988
2989
2990
2991
2992
2993
2994
2995
2996
2997
2998
2999
3000
3001
3002
3003
3004
3005
3006
3007
3008
3009
3010
3011
3012
3013
3014
3015
3016
3017
3018
3019
3020
3021
3022
3023
3024
3025
3026
3027
3028
3029
3030
3031
3032
3033
3034
3035
3036
3037
3038
3039
3040
3041
3042
3043
3044
3045
3046
3047
3048
3049
3050
3051
3052
3053
3054
3055
3056
3057
3058
3059
3060
3061
3062
3063
3064
3065
3066
3067
3068
3069
3070
3071
3072
3073
3074
3075
3076
3077
3078
3079
3080
3081
3082
3083
3084
3085
3086
3087
3088
3089
3090
3091
3092
3093
3094
3095
3096
3097
3098
3099
3100
3101
3102
3103
3104
3105
3106
3107
3108
3109
3110
3111
3112
3113
3114
3115
3116
3117
3118
3119
3120
3121
3122
3123
3124
3125
3126
3127
3128
3129
3130
3131
3132
3133
3134
3135
3136
3137
3138
3139
3140
3141
3142
3143
3144
3145
3146
3147
3148
3149
3150
3151
3152
3153
3154
3155
3156
3157
3158
3159
3160
3161
3162
3163
3164
3165
3166
3167
3168
3169
3170
3171
3172
3173
3174
3175
3176
3177
3178
3179
3180
3181
3182
3183
3184
3185
3186
3187
3188
3189
3190
3191
3192
3193
3194
3195
3196
3197
3198
3199
3200
3201
3202
3203
3204
3205
3206
3207
3208
3209
3210
3211
3212
3213
3214
3215
3216
3217
3218
3219
3220
3221
3222
3223
3224
3225
3226
3227
3228
3229
3230
3231
3232
3233
3234
3235
3236
3237
3238
3239
3240
3241
3242
3243
3244
3245
3246
3247
3248
3249
3250
3251
3252
3253
3254
3255
3256
3257
3258
3259
3260
3261
3262
3263
3264
3265
3266
3267
3268
3269
3270
3271
3272
3273
3274
3275
3276
3277
3278
3279
3280
3281
3282
3283
3284
3285
3286
3287
3288
3289
3290
3291
3292
3293
3294
3295
3296
3297
3298
3299
3300
3301
3302
3303
3304
3305
3306
3307
3308
3309
3310
3311
3312
3313
3314
3315
3316
3317
3318
3319
3320
3321
3322
3323
3324
3325
3326
3327
3328
3329
3330
3331
3332
3333
3334
3335
3336
3337
3338
3339
3340
3341
3342
3343
3344
3345
3346
3347
3348
3349
3350
3351
3352
3353
3354
3355
3356
3357
3358
3359
3360
3361
3362
3363
3364
3365
3366
3367
3368
3369
3370
3371
3372
3373
3374
3375
3376
3377
3378
3379
3380
3381
3382
3383
3384
3385
3386
3387
3388
3389
3390
3391
3392
3393
3394
3395
3396
3397
3398
3399
3400
3401
3402
3403
3404
3405
3406
3407
3408
3409
3410
3411
3412
3413
3414
3415
3416
3417
3418
3419
3420
3421
3422
3423
3424
3425
3426
3427
3428
3429
3430
3431
3432
3433
3434
3435
3436
3437
3438
3439
3440
3441
3442
3443
3444
3445
3446
3447
3448
3449
3450
3451
3452
3453
3454
3455
3456
3457
3458
3459
3460
3461
3462
3463
3464
3465
3466
3467
3468
3469
3470
3471
3472
3473
3474
3475
3476
3477
3478
3479
3480
3481
3482
3483
3484
3485
3486
3487
3488
3489
3490
3491
3492
3493
3494
3495
3496
3497
3498
3499
3500
3501
3502
3503
3504
3505
3506
3507
3508
3509
3510
3511
3512
3513
3514
3515
3516
3517
3518
3519
3520
3521
3522
3523
3524
3525
3526
3527
3528
3529
3530
3531
3532
3533
3534
3535
3536
3537
3538
3539
3540
3541
3542
3543
3544
3545
3546
3547
3548
3549
3550
3551
3552
3553
3554
3555
3556
3557
3558
3559
3560
3561
3562
3563
3564
3565
3566
3567
3568
3569
3570
3571
3572
3573
3574
3575
3576
3577
3578
3579
3580
3581
3582
3583
3584
3585
3586
3587
3588
3589
3590
3591
3592
3593
3594
3595
3596
3597
3598
3599
3600
3601
3602
3603
3604
3605
3606
3607
3608
3609
3610
3611
3612
3613
3614
3615
3616
3617
3618
3619
3620
3621
3622
3623
3624
3625
3626
3627
3628
3629
3630
3631
3632
3633
3634
3635
3636
3637
3638
3639
3640
3641
3642
3643
3644
3645
3646
3647
3648
3649
3650
3651
3652
3653
3654
3655
3656
3657
3658
3659
3660
3661
3662
3663
3664
3665
3666
3667
3668
3669
3670
3671
3672
3673
3674
3675
3676
3677
3678
3679
3680
3681
3682
3683
3684
3685
3686
3687
3688
3689
3690
3691
3692
3693
3694
3695
3696
3697
3698
3699
3700
3701
3702
3703
3704
3705
3706
3707
3708
3709
3710
3711
3712
3713
3714
3715
3716
3717
3718
3719
3720
3721
3722
3723
3724
3725
3726
3727
3728
3729
3730
3731
3732
3733
3734
3735
3736
3737
3738
3739
3740
3741
3742
3743
3744
3745
3746
3747
3748
3749
3750
3751
3752
3753
3754
3755
3756
3757
3758
3759
3760
3761
3762
3763
3764
3765
3766
3767
3768
3769
3770
3771
3772
3773
3774
3775
3776
3777
3778
3779
3780
3781
3782
3783
3784
3785
3786
3787
3788
3789
3790
3791
3792
3793
3794
3795
3796
3797
3798
3799
3800
3801
3802
3803
3804
3805
3806
3807
3808
3809
3810
3811
3812
3813
3814
3815
3816
3817
3818
3819
3820
3821
3822
3823
3824
3825
3826
3827
3828
3829
3830
3831
3832
3833
3834
3835
3836
3837
3838
3839
3840
3841
3842
3843
3844
3845
3846
3847
3848
3849
3850
3851
3852
3853
3854
3855
3856
3857
3858
3859
3860
3861
3862
3863
3864
3865
3866
3867
3868
3869
3870
3871
3872
3873
3874
3875
3876
3877
3878
3879
3880
3881
3882
3883
3884
3885
3886
3887
3888
3889
3890
3891
3892
3893
3894
3895
3896
3897
3898
3899
3900
3901
3902
3903
3904
3905
3906
3907
3908
3909
3910
3911
3912
3913
3914
3915
3916
3917
3918
3919
3920
3921
3922
3923
3924
3925
3926
3927
3928
3929
3930
3931
3932
3933
3934
3935
3936
3937
3938
3939
3940
3941
3942
3943
3944
3945
3946
3947
3948
3949
3950
3951
3952
3953
3954
3955
3956
3957
3958
3959
3960
3961
3962
3963
3964
3965
3966
3967
3968
3969
3970
3971
3972
3973
3974
3975
3976
3977
3978
3979
3980
3981
3982
3983
3984
3985
3986
3987
3988
3989
3990
3991
3992
3993
3994
3995
3996
3997
3998
3999
4000
4001
4002
4003
4004
4005
4006
4007
4008
4009
4010
4011
4012
4013
4014
4015
4016
4017
4018
4019
4020
4021
4022
4023
4024
4025
4026
4027
4028
4029
4030
4031
4032
4033
4034
4035
4036
4037
4038
4039
4040
4041
4042
4043
4044
4045
4046
4047
4048
4049
4050
4051
4052
4053
4054
4055
4056
4057
4058
4059
4060
4061
4062
4063
4064
4065
4066
4067
4068
4069
4070
4071
4072
4073
4074
4075
4076
4077
4078
4079
4080
4081
4082
4083
4084
4085
4086
4087
4088
4089
4090
4091
4092
4093
4094
4095
4096
4097
4098
4099
4100
4101
4102
4103
4104
4105
4106
4107
4108
4109
4110
4111
4112
4113
4114
4115
4116
4117
4118
4119
4120
4121
4122
4123
4124
4125
4126
4127
4128
4129
4130
4131
4132
4133
4134
4135
4136
4137
4138
4139
4140
4141
4142
4143
4144
4145
4146
4147
4148
4149
4150
4151
4152
4153
4154
4155
4156
4157
4158
4159
4160
4161
4162
4163
4164
4165
4166
4167
4168
4169
4170
4171
4172
4173
4174
4175
4176
4177
4178
4179
4180
4181
4182
4183
4184
4185
4186
4187
4188
4189
4190
4191
4192
4193
4194
4195
4196
4197
4198
4199
4200
4201
4202
4203
4204
4205
4206
4207
4208
4209
4210
4211
4212
4213
4214
4215
4216
4217
4218
4219
4220
4221
4222
4223
4224
4225
4226
4227
4228
4229
4230
4231
4232
4233
4234
4235
4236
4237
4238
4239
4240
4241
4242
4243
4244
4245
4246
4247
4248
4249
4250
4251
4252
4253
4254
4255
4256
4257
4258
4259
4260
4261
4262
4263
4264
4265
4266
4267
4268
4269
4270
4271
4272
4273
4274
4275
4276
4277
4278
4279
4280
4281
4282
4283
4284
4285
4286
4287
4288
4289
4290
4291
4292
4293
4294
4295
4296
4297
4298
4299
4300
4301
4302
4303
4304
4305
4306
4307
4308
4309
4310
4311
4312
4313
4314
4315
4316
4317
4318
4319
4320
4321
4322
4323
4324
4325
4326
4327
4328
4329
4330
4331
4332
4333
4334
4335
4336
4337
4338
4339
4340
4341
4342
4343
4344
4345
4346
4347
4348
4349
4350
4351
4352
4353
4354
4355
4356
4357
4358
4359
4360
4361
4362
4363
4364
4365
4366
4367
4368
4369
4370
4371
4372
4373
4374
4375
4376
4377
4378
4379
4380
4381
4382
4383
4384
4385
4386
4387
4388
4389
4390
4391
4392
4393
4394
4395
4396
4397
4398
4399
4400
4401
4402
4403
4404
4405
4406
4407
4408
4409
4410
4411
4412
4413
4414
4415
4416
4417
4418
4419
4420
4421
4422
4423
4424
4425
4426
4427
4428
4429
4430
4431
4432
4433
4434
4435
4436
4437
4438
4439
4440
4441
4442
4443
4444
4445
4446
4447
4448
4449
4450
4451
4452
4453
4454
4455
4456
4457
4458
4459
4460
4461
4462
4463
4464
4465
4466
4467
4468
4469
4470
4471
4472
4473
4474
4475
4476
4477
4478
4479
4480
4481
4482
4483
4484
4485
4486
4487
4488
4489
4490
4491
4492
4493
4494
4495
4496
4497
4498
4499
4500
4501
4502
4503
4504
4505
4506
4507
4508
4509
4510
4511
4512
4513
4514
4515
4516
4517
4518
4519
4520
4521
4522
4523
4524
4525
4526
4527
4528
4529
4530
4531
4532
4533
4534
4535
4536
4537
4538
4539
4540
4541
4542
4543
4544
4545
4546
4547
4548
4549
4550
4551
4552
4553
4554
4555
4556
4557
4558
4559
4560
4561
4562
4563
4564
4565
4566
4567
4568
4569
4570
4571
4572
4573
4574
4575
4576
4577
4578
4579
4580
4581
4582
4583
4584
4585
4586
4587
4588
4589
4590
4591
4592
4593
4594
4595
4597
4598
4599
4600
4601
4602
4603
4604
4605
4606
4607
4608
4609
4610
4611
4612
4613
4614
4615
4616
4617
4618
4619
4620
4621
4622
4623
4624
4625
4626
4627
4628
4629
4630
4631
4632
4633
4634
4635
4636
4637
4638
4639
4640
4641
4642
4643
4644
4645
4646
4647
4648
4649
4650
4651
4652
4653
4654
4655
4656
4657
4658
4659
4660
4661
4662
4663
4664
4665
4666
4667
4668
4669
4670
4671
4672
4673
4674
4675
4676
4677
4678
4679
4680
4681
4682
4683
4684
4685
4686
4687
4689
4690
4691
4692
4693
4694
4695
4696
4697
4698
4699
4700
4701
4702
4703
4704
4705
4706
4707
4708
4709
4710
4711
4712
4713
4714
4715
4716
4717
4718
4719
4720
4721
4722
4723
4724
4725
4726
4727
4728
4729
4730
4731
4732
4733
4734
4735
4736
4737
4738
4739
4740
4741
4742
4743
4744
4745
4746
4747
4748
4749
4750
4751
4752
4753
4754
4755
4756
4757
4758
4759
4760
4761
4762
4763
4764
4765
4766
4767
4768
4769
4770
4771
4772
4773
4774
4775
4776
4777
4778
4779
4780
4781
4782
4783
4784
4785
4786
4787
4788
4789
4790
4791
4792
4793
4794
4795
4796
4797
4798
4799
4800
4801
4802
4803
4804
4805
4806
4807
4808
4809
4810
4811
4812
4813
4814
4815
4816
4817
4818
4819
4820
4821
4822
4823
4824
4825
4826
4827
4828
4829
4830
4831
4832
4833
4834
4835
4836
4837
4838
4839
4840
4841
4842
4843
4844
4845
4846
4847
4848
4849
4850
4851
4852
4853
4854
4855
4856
4857
4858
4859
4860
4861
4862
4863
4864
4865
4866
4867
4868
4869
4870
4871
4872
4873
4874
4875
4876
4877
4878
4879
4880
4881
4882
4883
4884
4885
4886
4887
4888
4889
4890
4891
4892
4893
4894
4895
4896
4897
4898
4899
4900
4901
4902
4903
4904
4905
4906
4907
4908
4909
4910
4911
4912
4913
4914
4915
4916
4917
4918
4919
4920
4921
4922
4923
4924
4925
4926
4927
4928
4929
4930
4931
4932
4933
4934
4935
4936
4937
4938
4939
4940
4941
4942
4943
4944
4945
4946
4947
4948
4949
4950
4951
4952
4954
4955
4956
4957
4958
4959
4960
4961
4962
4963
4964
4965
4966
4967
4968
4969
4970
4971
4972
4973
4974
4975
4976
4977
4978
4979
4980
4981
4982
4983
4984
4985
4986
4987
4988
4989
4990
4991
4992
4993
4994
4995
4996
4997
4998
4999
5000
5001
5002
5003
5004
5005
5006
5007
5008
5009
5010
5011
5012
5013
5014
5015
5016
5017
5018
5019
5020
5021
5022
5023
5024
5025
5026
5027
5028
5029
5030
5031
5032
5033
5034
5035
5036
5037
5038
5039
5040
5041
5042
5043
5044
5045
5046
5047
5048
5049
5050
5051
5052
5053
5054
5055
5056
5057
5058
5059
5060
5061
5062
5063
5064
5065
5066
5067
5068
5069
5070
5071
5072
5073
5074
5075
5076
5077
5078
5079
5080
5081
5082
5083
5084
5085
5086
5087
5088
5089
5090
5091
5092
5093
5094
5095
5096
5097
5098
5099
5100
5101
5102
5103
5104
5105
5106
5107
5108
5109
5110
5111
5112
5113
5114
5115
5116
5117
5118
5119
5120
5121
5122
5123
5124
5125
5126
5127
5128
5129
5130
5132
5133
5134
5135
5136
5137
5138
5139
5140
5141
5142
5143
5144
5145
5146
5147
5148
5149
5150
5151
5152
5153
5154
5155
5156
5157
5158
5159
5160
5161
5162
5163
5164
5165
5166
5167
5168
5169
5170
5171
5172
5173
5174
5175
5176
5177
5178
5179
5180
5181
5182
5183
5184
5185
5186
5187
5188
5190
5191
5192
5193
5194
5195
5196
5197
5198
5199
5200
5201
5202
5203
5204
5205
5206
5207
5208
5209
5210
5211
5212
5213
5214
5215
5216
5217
5218
5219
5220
5221
5222
5223
5224
5225
5226
5227
5228
5229
5230
5231
5232
5233
5234
5235
5236
5237
5238
5239
5240
5241
5242
5243
5244
5245
5246
5247
5248
5249
5250
5251
5252
5253
5254
5255
5256
5257
5258
5259
5260
5261
5262
5263
5264
5265
5266
5267
5268
5269
5270
5271
5272
5273
5274
5275
5276
5277
5278
5279
5280
5281
5282
5283
5284
5285
5286
5287
5288
5289
5290
5291
5292
5293
5294
5295
5296
5297
5298
5299
5300
5301
5302
5303
5304
5305
5306
5307
5308
5309
5310
5311
5312
5313
5314
5315
5316
5317
5318
5319
5320
5321
5323
5324
5325
5326
5327
5328
5329
5330
5331
5332
5333
5334
5335
5337
5338
5340
5341
5342
5343
5344
5345
5346
5347
5348
5349
5350
5351
5352
5354
5355
5356
5357
5358
5359
5360
5361
5362
5363
5365
5366
5367
5368
5369
5370
5372
5374
5375
5377
5378
5379
5380
5381
5382
5383
5384
5385
5386
5387
5388
5389
5390
5391
5392
5393
5394
5395
5397
5399
5401
5402
5403
5404
5405
5406
5408
5409
5410
5411
5412
5413
5414
5415
5416
5417
5418
5419
5420
5421
5422
5423
5424
5425
5426
5427
5430
5431
5432
5433
5434
5435
5436
5438
5439
5440
5441
5442
5443
5444
5445
5446
5447
5448
5450
5451
5453
5454
5455
5456
5457
5458
5459
5460
5461
5463
5464
5465
5466
5468
5470
5471
5473
5474
5475
5476
5477
5478
5479
5481
5482
5483
5484
5485
5488
5489
5490
5491
5492
5493
5494
5495
5497
5498
5500
5502
5504
5505
5506
5507
5508
5509
5511
5513
5514
5515
5516
5517
5518
5519
5520
5521
5522
5523
5524
5526
5529
5530
5531
5532
5533
5535
5536
5537
5538
5539
5540
5541
5542
5543
5544
5545
5546
5547
5548
5549
5551
5552
5553
5554
5555
5557
5558
5559
5560
5561
5562
5563
5564
5565
5567
5568
5569
5570
5571
5572
5573
5574
5575
5576
5577
5578
5579
5580
5581
5583
5584
5585
5588
5589
5591
5592
5593
5594
5595
5596
5597
5598
5603
5605
5606
5608
5609
5610
5612
5613
5614
5615
5616
5617
5618
5619
5620
5621
5622
5623
5624
5625
5626
5627
5628
5629
5630
5631
5632
5634
5635
5636
5637
5638
5639
5640
5641
5642
5643
5644
5647
5648
5649
5650
5651
5652
5653
5654
5655
5656
5657
5658
5659
5661
5662
5663
5664
5665
5666
5667
5668
5670
5671
5672
5673
5674
5675
5676
5677
5678
5679
5680
5681
5682
5683
5684
5685
5686
5687
5688
5689
5691
5692
5694
5695
5696
5697
5698
5699
5700
5701
5702
5703
5704
5705
5706
5707
5708
5709
5710
5711
5712
5714
5715
5716
5717
5719
5720
5722
5723
5725
5726
5730
5731
5734
5735
5736
5737
5738
5739
5740
5741
5743
5744
5747
5748
5749
5750
5751
5753
5756
5757
5758
5759
5760
5761
5762
5765
5766
5767
5768
5769
5770
5771
5772
5773
5774
5775
5777
5778
5779
5780
5781
5782
5783
5784
5785
5786
5789
5790
5791
5792
5793
5794
5795
5796
5797
5798
5799
5800
5801
5802
5803
5804
5805
5806
5807
5808
5809
5811
5812
5813
5815
5816
5817
5819
5820
5821
5822
5823
5824
5825
5826
5827
5829
5830
5831
5832
5833
5834
5835
5837
5838
5839
5840
5841
5842
5845
5846
5847
5848
5849
5850
5851
5852
5855
5856
5857
5858
5859
5860
5861
5862
5863
5864
5865
5866
5868
5869
5870
5871
5872
5873
5875
5877
5878
5879
5881
5883
5884
5885
5886
5887
5888
5889
5890
5891
5892
5893
5894
5895
5896
5897
5899
5900
5902
5904
5905
5907
5908
5909
5910
5912
5914
5915
5916
5917
5919
5922
5923
5924
5926
5927
5928
5929
5930
5931
5932
5933
5934
5935
5936
5937
5938
5939
5940
5941
5942
5943
5944
5945
5946
5947
5948
5950
5951
5952
5953
5954
5955
5956
5957
5958
5959
5960
5961
5962
5966
5967
5968
5969
5970
5971
5972
5973
5975
5976
5978
5981
5982
5983
5984
5986
5987
5988
5989
5990
5991
5992
5993
5994
5995
5996
5997
5998
5999
6000
6001
6002
6006
6007
6009
6010
6011
6012
6013
6014
6015
6016
6018
6019
6020
6022
6023
6024
6025
6026
6029
6030
6031
6032
6035
6036
6039
6041
6042
6043
6044
6049
6050
6051
6052
6054
6055
6056
6057
6058
6059
6060
6062
6063
6064
6065
6066
6068
6069
6070
6071
6072
6074
6075
6076
6077
6078
6079
6080
6081
6082
6083
6084
6085
6086
6087
6088
6089
6090
6091
6092
6093
6094
6097
6098
6099
6100
6101
6102
6104
6105
6106
6107
6108
6109
6110
6111
6112
6113
6114
6115
6116
6117
6118
6119
6120
6121
6122
6123
6124
6125
6126
6127
6128
6129
6130
6131
6132
6133
6134
6135
6136
6137
6138
6139
6140
6141
6142
6143
6144
6145
6146
6147
6148
6149
6150
6151
6152
6153
6154
6155
6156
6157
6158
6159
6160
6161
6162
6163
6164
6165
6166
6167
6168
6169
6170
6171
6172
6173
6174
6175
6176
6177
6179
6180
6181
6182
6183
6184
6185
6186
6187
6188
6189
6190
6191
6192
6193
6194
6195
6196
6197
6198
6199
6200
6201
6202
6203
6204
6205
6206
6207
6208
6209
6210
6211
6212
6213
6214
6215
6216
6217
6218
6219
6220
6221
6223
6224
6225
6226
6227
6228
6229
6230
6231
6232
6233
6234
6235
6236
6237
6238
6239
6240
6241
6243
6244
6245
6246
6247
6249
6250
6251
6252
6255
6256
6257
6258
6259
6260
6261
6262
6263
6266
6267
6268
6269
6270
6271
6273
6274
6275
6276
6277
6278
6280
6281
6282
6284
6285
6287
6288
6289
6291
6293
6294
6295
6296
6298
6299
6300
6302
6304
6305
6306
6307
6308
6309
6310
6311
6312
6313
6314
6315
6316
6317
6318
6319
6320
6321
6323
6324
6326
6327
6329
6330
6332
6333
6334
6335
6336
6337
6338
6339
6340
6345
6346
6349
6350
6351
6352
6353
6354
6355
6356
6357
6358
6359
6361
6362
6363
6364
6365
6366
6368
6370
6371
6372
6373
6374
6375
6376
6377
6379
6380
6381
6383
6384
6385
6386
6389
6390
6391
6392
6395
6396
6398
6399
6400
6401
6402
6403
6404
6405
6406
6408
6410
6411
6412
6413
6414
6416
6417
6418
6419
6420
6422
6423
6424
6426
6428
6429
6432
6433
6434
6435
6436
6437
6438
6439
6440
6441
6442
6443
6444
6445
6446
6447
6449
6450
6451
6452
6456
6457
6458
6459
6460
6461
6462
6463
6464
6465
6466
6467
6468
6469
6470
6471
6472
6473
6474
6475
6478
6479
6480
6481
6482
6483
6484
6485
6486
6487
6488
6489
6493
6496
6497
6498
6499
6500
6501
6504
6505
6506
6508
6509
6510
6511
6512
6514
6515
6516
6517
6518
6519
6520
6521
6522
6523
6524
6525
6526
6527
6528
6529
6530
6531
6532
6533
6534
6535
6536
6537
6538
6539
6540
6541
6542
6543
6544
6545
6546
6547
6549
6550
6552
6553
6554
6556
6557
6558
6559
6560
6561
6562
6563
6564
6565
6566
6567
6568
6569
6570
6571
6572
6573
6574
6575
6576
6577
6578
6579
6580
6581
6582
6583
6584
6585
6586
6587
6589
6590
6591
6592
6594
6595
6596
6597
6598
6599
6600
6601
6602
6603
6604
6605
6606
6607
6608
6610
6612
6613
6614
6615
6616
6617
6618
6619
6620
6621
6622
6623
6625
6626
6628
6629
6630
6631
6632
6635
6636
6637
6639
6640
6641
6642
6643
6644
6645
6646
6647
6649
6650
6651
6653
6654
6655
6656
6657
6658
6659
6660
6661
6663
6664
6665
6666
6667
6669
6670
6671
6672
6673
6674
6675
6676
6677
6678
6679
6681
6682
6683
6684
6685
6686
6687
6688
6689
6690
6691
6692
6695
6696
6697
6698
6699
6700
6701
6705
6707
6708
6709
6710
6711
6712
6713
6714
6715
6717
6718
6719
6720
6721
6722
6723
6725
6726
6729
6730
6731
6734
6735
6736
6737
6738
6739
6740
6741
6742
6743
6744
6745
6746
6747
6748
6749
6750
6751
6752
6753
6754
6755
6756
6757
6758
6761
6762
6763
6764
6765
6766
6767
6768
6769
6770
6771
6773
6774
6775
6776
6777
6778
6779
6780
6781
6783
6784
6786
6789
6790
6792
6793
6794
6795
6796
6797
6798
6799
6800
6801
6802
6804
6805
6806
6807
6808
6809
6810
6811
6812
6813
6814
6815
6816
6817
6818
6819
6820
6821
6822
6824
6825
6826
6827
6828
6829
6830
6832
6834
6835
6836
6837
6838
6839
6841
6842
6843
6844
6845
6846
6847
6848
6849
6851
6852
6853
6854
6855
6856
6857
6859
6860
6862
6864
6865
6866
6867
6868
6869
6870
6871
6873
6875
6876
6877
6878
6879
6880
6881
6882
6883
6884
6885
6886
6887
6890
6891
6892
6893
6894
6897
6898
6899
6901
6902
6904
6905
6906
6907
6908
6909
6910
6911
6912
6913
6914
6916
6918
6919
6920
6921
6922
6923
6924
6925
6927
6928
6929
6931
6932
6933
6935
6936
6937
6938
6939
6941
6942
6943
6944
6945
6947
6948
6949
6950
6952
6953
6954
6955
6956
6959
6961
6962
6964
6965
6966
6969
6970
6971
6972
6973
6974
6975
6976
6977
6978
6979
6980
6981
6982
6983
6984
6986
6987
6989
6990
6991
6992
6995
6996
6997
6998
6999
7000
7001
7002
7003
7004
7005
7006
7007
7008
7009
7010
7011
7012
7013
7014
7015
7016
7017
7019
7020
7021
7023
7026
7027
7028
7030
7031
7032
7035
7036
7037
7038
7039
7040
7041
7042
7043
7046
7047
7048
7049
7051
7052
7054
7055
7056
7057
7058
7059
7060
7061
7062
7063
7064
7065
7066
7067
7068
7072
7073
7074
7075
7077
7078
7079
7081
7082
7083
7086
7087
7088
7091
7092
7093
7094
7095
7096
7097
7098
7099
7100
7101
7102
7103
7104
7105
7106
7107
7108
7109
7110
7112
7113
7114
7115
7116
7117
7118
7119
7120
7121
7122
7124
7125
7126
7127
7128
7130
7131
7132
7133
7134
7136
7137
7139
7140
7141
7142
7143
7144
7145
7146
7147
7148
7149
7150
7152
7153
7154
7156
7157
7158
7159
7160
7161
7162
7163
7164
7165
7166
7167
7169
7170
7171
7172
7173
7174
7175
7176
7177
7178
7179
7182
7186
7187
7188
7189
7192
7193
7194
7195
7196
7197
7198
7199
7201
7202
7203
7204
7205
7206
7207
7208
7209
7210
7211
7212
7213
7214
7215
7216
7217
7218
7219
7220
7221
7222
7223
7224
7225
7226
7228
7229
7230
7231
7232
7233
7235
7237
7238
7239
7240
7241
7242
7244
7247
7248
7250
7251
7252
7253
7254
7256
7257
7258
7259
7260
7261
7262
7263
7264
7265
7266
7267
7268
7269
7270
7271
7272
7273
7274
7275
7276
7277
7278
7279
7280
7285
7287
7289
7290
7291
7292
7293
7294
7295
7296
7298
7299
7300
7301
7304
7305
7306
7307
7308
7309
7311
7313
7314
7315
7316
7317
7318
7319
7320
7321
7322
7323
7324
7326
7327
7328
7329
7330
7331
7332
7333
7334
7336
7342
7343
7344
7345
7346
7349
7351
7352
7353
7354
7355
7356
7358
7359
7360
7361
7362
7363
7364
7365
7366
7367
7368
7369
7370
7371
7372
7373
7376
7377
7378
7379
7381
7382
7383
7385
7386
7387
7388
7389
7390
7391
7392
7393
7394
7396
7398
7399
7400
7401
7403
7408
7410
7412
7413
7414
7415
7416
7418
7420
7421
7425
7428
7429
7430
7431
7433
7434
7435
7436
7437
7438
7439
7440
7441
7442
7443
7445
7446
7447
7448
7449
7450
7451
7452
7453
7454
7455
7456
7457
7459
7460
7461
7462
7463
7464
7465
7468
7469
7470
7472
7475
7476
7478
7480
7481
7483
7484
7485
7486
7487
7488
7489
7490
7491
7492
7493
7494
7495
7496
7497
7498
7499
7500
7501
7502
7504
7505
7506
7507
7508
7509
7511
7512
7515
7516
7517
7519
7525
7526
7527
7528
7529
7530
7531
7532
7533
7536
7537
7538
7541
7542
7543
7544
7545
7546
7547
7548
7549
7550
7551
7552
7553
7554
7555
7556
7558
7559
7560
7561
7562
7564
7565
7571
7572
7573
7575
7578
7580
7581
7583
7584
7586
7587
7590
7592
7593
7594
7595
7596
7597
7599
7600
7602
7603
7604
7605
7607
7608
7610
7611
7613
7614
7616
7618
7620
7621
7622
7623
7624
7625
7626
7627
7628
7629
7630
7631
7632
7633
7634
7635
7636
7638
7639
7640
7641
7644
7645
7647
7648
7649
7650
7651
7655
7656
7657
7660
7661
7664
7665
7666
7668
7669
7670
7671
7672
7673
7674
7675
7677
7678
7679
7680
7681
7682
7683
7684
7686
7687
7688
7689
7690
7691
7692
7693
7694
7695
7696
7698
7699
7700
7701
7704
7705
7706
7707
7708
7710
7711
7713
7714
7715
7716
7717
7718
7720
7721
7722
7723
7724
7725
7726
7727
7728
7729
7730
7733
7734
7735
7736
7737
7738
7739
7740
7741
7742
7747
7749
7750
7752
7754
7755
7756
7757
7758
7763
7766
7767
7769
7770
7771
7773
7775
7776
7777
7778
7779
7780
7781
7782
7784
7787
7788
7789
7790
7791
7794
7796
7797
7799
7800
7801
7802
7803
7804
7805
7806
7807
7808
7809
7811
7812
7813
7815
7816
7817
7818
7820
7824
7826
7828
7829
7830
7831
7833
7835
7837
7838
7840
7842
7844
7845
7846
7847
7848
7849
7850
7851
7852
7853
7854
7855
7856
7857
7858
7859
7860
7861
7862
7863
7864
7865
7866
7867
7868
7869
7871
7873
7881
7885
7886
7887
7890
7891
7892
7894
7895
7896
7897
7898
7899
7900
7901
7902
7903
7904
7905
7906
7907
7908
7909
7910
7911
7912
7913
7915
7916
7917
7918
7919
7921
7922
7923
7924
7925
7927
7928
7931
7932
7933
7934
7935
7936
7939
7940
7945
7947
7948
7950
7953
7954
7955
7956
7957
7958
7959
7960
7961
7963
7965
7966
7967
7968
7970
7971
7972
7973
7974
7976
7978
7979
7980
7981
7982
7983
7984
7985
7986
7987
7988
7989
7991
7992
7993
7994
7995
7996
7998
7999
8000
8001
8002
8003
8005
8006
8009
8010
8011
8013
8019
8020
8021
8022
8023
8024
8025
8026
8027
8028
8029
8030
8031
8032
8034
8036
8039
8040
8041
8043
8044
8045
8046
8047
8048
8050
8051
8052
8053
8054
8055
8056
8057
8058
8059
8060
8061
8062
8063
8064
8065
8066
8067
8068
8069
8070
8071
8072
8073
8074
8075
8076
8077
8078
8079
8080
8081
8082
8083
8084
8086
8087
8088
8089
8096
8097
8098
8099
8100
8101
8102
8103
8104
8106
8108
8109
8110
8111
8112
8113
8114
8115
8116
8117
8120
8121
8122
8123
8124
8125
8126
8127
8128
8129
8130
8131
8132
8133
8134
8135
8136
8137
8138
8139
8140
8141
8142
8143
8144
8145
8146
8147
8148
8149
8150
8151
8152
8153
8154
8155
8156
8158
8159
8161
8163
8164
8165
8166
8167
8168
8169
8171
8175
8181
8182
8184
8187
8188
8189
8190
8191
8192
8193
8194
8197
8199
8200
8202
8203
8204
8205
8206
8207
8208
8209
8210
8212
8214
8215
8216
8217
8218
8220
8221
8222
8223
8224
8225
8229
8230
8231
8232
8233
8234
8235
8236
8237
8238
8239
8240
8241
8242
8243
8244
8245
8246
8247
8248
8249
8250
8251
8252
8253
8254
8255
8256
8257
8258
8260
8261
8262
8266
8267
8268
8269
8270
8271
8272
8273
8274
8275
8276
8277
8279
8280
8282
8283
8284
8286
8289
8291
8294
8295
8296
8297
8298
8299
8300
8301
8302
8303
8304
8305
8306
8307
8308
8310
8311
8313
8314
8315
8316
8317
8318
8319
8320
8321
8322
8323
8324
8325
8326
8327
8328
8329
8330
8331
8332
8333
8335
8336
8338
8339
8340
8343
8344
8345
8347
8348
8353
8355
8356
8357
8358
8367
8368
8369
8370
8371
8373
8374
8375
8377
8378
8379
8380
8381
8382
8386
8387
8391
8393
8395
8397
8398
8399
8400
8401
8403
8405
8406
8407
8408
8409
8410
8411
8412
8413
8414
8416
8417
8418
8419
8420
8421
8422
8423
8424
8425
8428
8430
8431
8432
8433
8434
8435
8436
8437
8438
8439
8440
8441
8442
8443
8444
8445
8446
8447
8448
8449
8450
8451
8452
8454
8455
8456
8457
8458
8459
8460
8461
8462
8463
8464
8465
8466
8467
8468
8470
8471
8472
8474
8475
8477
8479
8482
8483
8485
8486
8488
8489
8491
8492
8493
8494
8496
8498
8500
8501
8502
8503
8515
8516
8521
8523
8524
8525
8526
8527
8529
8530
8531
8533
8534
8535
8536
8537
8538
8539
8540
8541
8543
8544
8545
8546
8548
8549
8550
8551
8552
8553
8554
8555
8556
8557
8558
8560
8561
8564
8568
8569
8571
8572
8573
8574
8575
8577
8578
8579
8580
8581
8582
8583
8585
8586
8587
8588
8589
8590
8591
8592
8593
8594
8595
8596
8597
8598
8599
8600
8601
8602
8603
8604
8608
8609
8610
8611
8612
8613
8615
8616
8617
8618
8620
8621
8622
8623
8624
8625
8626
8627
8628
8629
8630
8631
8632
8633
8634
8635
8636
8639
8640
8642
8643
8644
8647
8648
8649
8651
8652
8656
8657
8660
8661
8663
8664
8665
8666
8667
8668
8672
8676
8677
8678
8679
8680
8681
8682
8683
8684
8685
8686
8687
8688
8690
8691
8693
8695
8696
8697
8698
8700
8702
8703
8704
8706
8707
8709
8710
8711
8712
8713
8716
8717
8719
8720
8721
8722
8723
8724
8725
8726
8728
8729
8730
8731
8732
8733
8734
8735
8736
8737
8738
8739
8740
8741
8742
8743
8744
8745
8747
8749
8750
8751
8752
8753
8754
8755
8756
8757
8758
8759
8760
8761
8762
8763
8764
8765
8766
8767
8768
8769
8770
8771
8772
8773
8774
8775
8776
8777
8780
8781
8782
8783
8785
8786
8787
8788
8789
8790
8791
8792
8793
8794
8795
8796
8797
8798
8799
8800
8801
8802
8803
8804
8805
8806
8807
8808
8809
8810
8811
8812
8813
8814
8815
8816
8817
8818
8819
8820
8822
8824
8826
8827
8829
8831
8832
8833
8834
8835
8836
8837
8839
8842
8847
8849
8850
8852
8853
8855
8856
8857
8858
8860
8861
8862
8865
8866
8867
8868
8869
8870
8871
8872
8874
8875
8877
8881
8882
8883
8885
8886
8887
8888
8889
8890
8891
8892
8895
8897
8898
8899
8900
8903
8904
8905
8906
8907
8909
8911
8912
8914
8915
8917
8919
8922
8923
8924
8925
8926
8927
8929
8930
8931
8932
8933
8934
8935
8936
8937
8939
8940
8941
8942
8943
8944
8945
8946
8947
8952
8954
8957
8958
8959
8960
8961
8962
8963
8964
8965
8966
8967
8968
8969
8970
8971
8972
8973
8974
8975
8976
8977
8978
8979
8980
8982
8983
8984
8985
8986
8987
8990
8991
8992
8993
8994
8995
8996
8997
8998
8999
9000
9001
9002
9003
9004
9005
9006
9007
9008
9009
9010
9011
9012
9013
9014
9015
9016
9017
9018
9019
9020
9021
9022
9023
9024
9025
9026
9027
9028
9030
9032
9033
9034
9038
9040
9041
9044
9052
9053
9054
9055
9056
9059
9060
9062
9063
9064
9067
9069
9070
9071
9073
9074
9076
9077
9079
9080
9081
9082
9083
9084
9087
9088
9090
9091
9092
9093
9094
9096
9097
9098
9099
9100
9101
9102
9103
9104
9105
9106
9107
9108
9109
9110
9111
9112
9114
9115
9116
9117
9119
9121
9122
9123
9126
9127
9128
9130
9132
9133
9134
9135
9136
9137
9138
9139
9140
9141
9142
9143
9144
9145
9146
9147
9148
9150
9151
9152
9153
9154
9155
9156
9158
9159
9161
9162
9164
9165
9167
9168
9171
9172
9173
9175
9176
9177
9178
9179
9180
9184
9186
9187
9189
9190
9191
9193
9194
9196
9197
9198
9203
9204
9205
9206
9207
9208
9211
9212
9215
9216
9217
9218
9220
9221
9222
9223
9224
9225
9226
9227
9228
9229
9230
9231
9232
9233
9234
9235
9236
9238
9239
9240
9241
9242
9244
9246
9248
9249
9250
9251
9252
9253
9254
9255
9256
9257
9258
9259
9260
9261
9262
9263
9265
9266
9267
9268
9269
9270
9271
9272
9273
9274
9275
9276
9277
9279
9280
9281
9282
9283
9284
9285
9286
9287
9288
9289
9291
9293
9295
9297
9298
9299
9300
9305
9306
9307
9308
9309
9313
9315
9316
9319
9321
9322
9323
9325
9326
9327
9329
9331
9333
9334
9336
9339
9340
9341
9342
9344
9346
9349
9350
9351
9356
9357
9358
9359
9362
9364
9365
9368
9372
9373
9374
9375
9376
9377
9378
9379
9380
9381
9382
9383
9384
9385
9386
9387
9388
9389
9391
9392
9393
9394
9395
9396
9397
9398
9399
9403
9405
9407
9408
9409
9411
9413
9414
9415
9416
9417
9418
9419
9420
9421
9422
9423
9424
9425
9426
9427
9428
9429
9430
9431
9432
9434
9435
9436
9437
9438
9442
9445
9446
9447
9448
9449
9450
9452
9453
9460
9463
9466
9468
9469
9470
9471
9472
9473
9474
9477
9478
9479
9480
9481
9482
9483
9484
9485
9486
9487
9488
9489
9490
9491
9492
9493
9494
9495
9496
9497
9498
9499
9500
9501
9502
9503
9504
9505
9506
9507
9508
9509
9510
9511
9512
9514
9515
9516
9517
9518
9519
9520
9521
9522
9523
9524
9525
9526
9527
9528
9529
9530
9531
9532
9533
9535
9536
9537
9539
9540
9541
9542
9543
9544
9545
9548
9549
9550
9551
9553
9554
9555
9556
9560
9561
9562
9563
9564
9565
9566
9567
9569
9573
9574
9576
9577
9578
9579
9580
9583
9584
9587
9588
9589
9590
9592
9594
9599
9602
9604
9609
9610
9611
9612
9614
9615
9617
9618
9619
9620
9621
9622
9623
9626
9628
9629
9630
9631
9632
9633
9637
9638
9639
9640
9641
9642
9645
9648
9649
9650
9651
9654
9655
9657
9658
9661
9662
9663
9664
9665
9667
9668
9669
9670
9671
9672
9673
9674
9676
9677
9678
9679
9680
9681
9682
9683
9684
9685
9686
9687
9688
9689
9690
9691
9692
9693
9694
9695
9696
9697
9698
9699
9700
9701
9702
9703
9704
9705
9706
9707
9708
9709
9711
9712
9713
9714
9715
9716
9717
9718
9719
9720
9721
9722
9723
9724
9725
9726
9727
9728
9732
9733
9737
9739
9741
9742
9743
9744
9745
9746
9748
9749
9751
9756
9757
9758
9761
9762
9764
9766
9767
9768
9769
9770
9774
9775
9777
9778
9780
9781
9782
9783
9784
9785
9786
9788
9790
9791
9792
9793
9795
9796
9797
9799
9800
9804
9807
9809
9810
9811
9812
9813
9814
9815
9816
9817
9818
9819
9820
9821
9822
9823
9824
9825
9826
9828
9829
9830
9831
9832
9833
9834
9836
9837
9838
9839
9841
9842
9843
9844
9845
9848
9850
9851
9852
9853
9854
9855
9857
9859
9860
9861
9863
9865
9866
9869
9870
9871
9872
9873
9878
9879
9880
9881
9882
9883
9884
9885
9886
9887
9891
9897
9898
9899
9900
9902
9903
9904
9905
9906
9907
9908
9909
9910
9911
9912
9913
9914
9915
9916
9917
9918
9919
9920
9921
9922
9923
9924
9925
9926
9927
9929
9930
9931
9932
9933
9934
9936
9937
9938
9941
9943
9945
9947
9949
9950
9951
9954
9956
9957
9960
9962
9963
9964
9965
9967
9968
9969
9971
9972
9973
9974
9975
9977
9981
9983
9984
9985
9986
9987
9988
9990
9991
9993
9994
9995
9996
9997
9998
9999
10000
10001
10002
10003
10004
10005
10006
10007
10008
10009
10010
10011
10012
10013
10014
10015
10016
10017
10018
10019
10020
10021
10022
10023
10024
10025
10026
10027
10028
10029
10030
10031
10032
10033
10034
10035
10036
10037
10038
10039
10040
10041
10042
10043
10044
10045
10046
10047
10048
10049
10050
10051
10052
10053
10054
10055
10056
10057
10058
10059
10060
10061
10062
10063
10064
10065
10066
10067
10068
10069
10070
10071
10072
10073
10074
10075
10076
10077
10078
10079
10080
10081
10082
10083
10084
10085
10086
10087
10088
10089
10090
10091
10092
10093
10094
10095
10096
10097
10098
10099
10100
10101
10102
10103
10104
10105
10106
10107
10108
10109
10111
10114
10116
10117
10119
10120
10121
10122
10123
10124
10125
10126
10127
10128
10129
10130
10131
10132
10136
10137
10138
10139
10140
10141
10142
10143
10146
10147
10148
10149
10151
10152
10153
10154
10155
10157
10158
10159
10160
10161
10162
10163
10164
10166
10167
10168
10169
10170
10171
10172
10173
10174
10175
10176
10177
10178
10179
10181
10182
10183
10184
10185
10186
10188
10189
10193
10195
10197
10198
10199
10200
10201
10203
10204
10205
10207
10208
10209
10210
10211
10213
10215
10216
10217
10218
10219
10220
10221
10222
10223
10224
10226
10227
10233
10234
10237
10239
10241
10242
10243
10244
10245
10246
10247
10248
10249
10250
10251
10252
10253
10254
10255
10256
10257
10258
10259
10261
10262
10263
10264
10265
10266
10267
10269
10270
10272
10273
10274
10275
10276
10277
10278
10279
10280
10281
10282
10283
10285
10286
10287
10288
10289
10290
10293
10295
10296
10297
10298
10300
10301
10303
10304
10305
10306
10310
10311
10313
10315
10316
10318
10319
10320
10321
10322
10323
10324
10325
10326
10327
10330
10331
10332
10334
10340
10343
10346
10347
10348
10350
10351
10352
10353
10354
10355
10356
10358
10361
10364
10365
10366
10367
10368
10369
10370
10371
10372
10373
10374
10375
10376
10377
10378
10379
10380
10381
10382
10385
10386
10387
10388
10389
10390
10392
10395
10399
10400
10401
10403
10404
10405
10410
10412
10413
10415
10416
10421
10423
10424
10425
10426
10427
10428
10429
10430
10431
10432
10433
10434
10435
10436
10437
10438
10439
10440
10441
10442
10443
10444
10445
10446
10447
10448
10449
10450
10452
10453
10454
10455
10456
10457
10458
10459
10460
10461
10462
10463
10464
10465
10466
10467
10468
10469
10470
10471
10472
10473
10474
10475
10476
10477
10478
10479
10480
10481
10482
10483
10484
10487
10489
10498
10500
10501
10502
10504
10505
10506
10509
10510
10512
10515
10516
10523
10524
10526
10529
10538
10540
10541
10542
10543
10544
10545
10546
10547
10549
10550
10551
10552
10553
10554
10555
10557
10558
10559
10560
10561
10563
10566
10567
10568
10569
10570
10572
10573
10577
10579
10581
10582
10583
10584
10585
10586
10587
10588
10591
10593
10596
10598
10601
10602
10604
10605
10606
10607
10608
10609
10611
10612
10613
10616
10617
10619
10626
10627
10628
10633
10634
10637
10638
10639
10642
10645
10646
10647
10648
10649
10650
10651
10652
10653
10654
10655
10656
10657
10658
10659
10660
10661
10662
10663
10664
10665
10666
10667
10668
10669
10670
10671
10672
10673
10674
10675
10676
10677
10678
10679
10680
10681
10683
10684
10685
10686
10688
10689
10690
10691
10692
10693
10694
10695
10696
10697
10698
10699
10700
10701
10702
10707
10708
10709
10711
10712
10713
10715
10716
10717
10718
10719
10720
10721
10722
10724
10725
10726
10727
10728
10729
10730
10733
10734
10735
10736
10737
10738
10739
10740
10741
10744
10745
10746
10747
10749
10753
10758
10760
10761
10762
10763
10764
10767
10768
10769
10770
10771
10773
10774
10775
10776
10778
10780
10781
10782
10784
10785
10786
10787
10789
10791
10792
10793
10794
10795
10796
10797
10799
10801
10802
10803
10804
10805
10806
10807
10808
10809
10810
10811
10812
10813
10814
10815
10819
10820
10821
10822
10823
10825
10827
10828
10829
10830
10831
10832
10834
10835
10837
10838
10839
10841
10847
10850
10853
10856
10857
10861
10863
10864
10865
10866
10867
10870
10872
10874
10875
10877
10878
10880
10882
10884
10885
10886
10888
10891
10894
10895
10900
10907
10908
10911
10914
10916
10918
10919
10921
10924
10925
10927
10928
10929
10930
10931
10932
10934
10937
10938
10943
10947
10948
10949
10950
10951
10952
10953
10954
10955
10956
10957
10958
10959
10960
10961
10962
10963
10964
10965
10966
10967
10968
10969
10970
10971
10972
10973
10974
10975
10976
10977
10978
10979
10980
10981
10982
10983
10984
10985
10986
10988
10989
10990
10991
10992
10994
10996
10997
10999
11001
11002
11003
11004
11005
11006
11007
11008
11009
11010
11011
11012
11013
11014
11015
11016
11017
11019
11020
11021
11022
11026
11027
11033
11037
11039
11040
11041
11042
11043
11050
11051
11055
11056
11059
11061
11063
11064
11066
11067
11069
11072
11073
11074
11075
11079
11081
11082
11083
11084
11085
11086
11087
11090
11091
11092
11094
11095
11098
11099
11100
11101
11102
11103
11104
11105
11107
11108
11109
11111
11112
11115
11118
11119
11120
11121
11122
11123
11124
11126
11127
11128
11129
11132
11133
11134
11135
11136
11137
11138
11140
11141
11142
11144
11145
11146
11147
11148
11149
11150
11151
11152
11154
11155
11156
11158
11159
11161
11163
11166
11167
11169
11173
11174
11176
11184
11187
11189
11190
11191
11193
11194
11195
11196
11197
11201
11202
11203
11206
11207
11212
11216
11219
11225
11227
11228
11229
11238
11239
11240
11241
11242
11243
11244
11245
11246
11247
11248
11249
11251
11252
11253
11254
11255
11256
11257
11258
11259
11260
11261
11262
11263
11264
11265
11266
11267
11268
11269
11274
11277
11278
11280
11282
11284
11288
11289
11292
11294
11295
11296
11298
11299
11302
11304
11305
11306
11307
11308
11309
11311
11313
11314
11315
11316
11317
11321
11322
11323
11324
11325
11326
11328
11332
11333
11334
11335
11336
11337
11338
11339
11341
11348
11349
11350
11351
11352
11353
11356
11359
11360
11361
11363
11364
11365
11369
11370
11371
11373
11374
11376
11377
11378
11379
11384
11385
11392
11395
11400
11401
11404
11406
11408
11409
11413
11414
11417
11419
11421
11422
11423
11425
11426
11427
11428
11429
11430
11431
11432
11433
11434
11437
11438
11440
11441
11442
11443
11444
11445
11446
11448
11449
11450
11451
11453
11454
11455
11456
11457
11458
11459
11460
11461
11462
11463
11464
11465
11466
11467
11468
11469
11470
11471
11473
11475
11476
11480
11481
11484
11485
11492
11494
11495
11496
11498
11499
11500
11504
11506
11507
11508
11509
11510
11514
11515
11516
11517
11518
11519
11520
11521
11524
11528
11530
11532
11533
11537
11538
11542
11545
11546
11547
11548
11552
11553
11554
11569
11571
11572
11573
11574
11577
11578
11579
11580
11581
11582
11583
11584
11585
11588
11592
11593
11595
11596
11598
11600
11602
11604
11605
11606
11612
11614
11615
11620
11621
11622
11623
11625
11626
11628
11636
11637
11652
11656
11657
11664
11665
11666
11667
11668
11669
11670
11672
11673
11675
11678
11679
11681
11682
11685
11688
11690
11691
11693
11694
11695
11696
11697
11698
11702
11703
11704
11706
11707
11709
11710
11711
11712
11713
11714
11715
11716
11718
11719
11720
11724
11725
11726
11727
11728
11730
11736
11739
11740
11743
11746
11752
11753
11754
11755
11756
11757
11758
11759
11760
11761
11762
11763
11764
11765
11766
11767
11768
11769
11770
11771
11772
11773
11774
11775
11776
11777
11778
11779
11780
11781
11782
11785
11786
11787
11788
11789
11790
11791
11792
11793
11794
11795
11796
11797
11798
11799
11800
11801
11802
11803
11804
11805
11806
11807
11808
11809
11810
11811
11812
11813
11814
11815
11816
11817
11818
11819
11820
11821
11823
11824
11826
11827
11828
11829
11830
11832
11833
11836
11842
11844
11846
11847
11848
11849
11852
11853
11854
11855
11856
11858
11859
11860
11861
11868
11870
11871
11873
11874
11875
11876
11878
11881
11885
11886
11887
11895
11896
11897
11898
11899
11900
11905
11907
11908
11911
11912
11913
11914
11915
11916
11921
11925
11926
11927
11928
11929
11930
11933
11934
11935
11936
11941
11942
11943
11944
11945
11946
11947
11948
11949
11950
11955
11956
11958
11959
11963
11964
11965
11966
11967
11968
11969
11970
11974
11976
11977
11978
11980
11981
11984
11987
11997
11998
12001
12002
12003
12005
12006
12007
12008
12010
12012
12013
12014
12016
12022
12027
12028
12031
12032
12033
12035
12040
12042
12044
12045
12047
12050
12051
12052
12053
12056
12057
12059
12061
12062
12064
12065
12067
12068
12070
12071
12072
12073
12074
12075
12079
12084
12086
12087
12088
12089
12091
12093
12094
12095
12099
12100
12101
12102
12104
12106
12111
12112
12113
12115
12117
12118
12119
12123
12124
12125
12127
12128
12130
12131
12132
12133
12134
12135
12136
12137
12138
12139
12140
12141
12142
12143
12144
12145
12146
12147
12148
12149
12150
12151
12152
12153
12154
12155
12156
12157
12158
12159
12160
12161
12162
12163
12164
12165
12166
12167
12168
12169
12170
12171
12172
12173
12174
12175
12176
12177
12178
12179
12180
12182
12183
12184
12185
12186
12187
12188
12189
12190
12191
12192
12195
12196
12197
12199
12200
12201
12202
12203
12204
12205
12206
12207
12208
12210
12211
12214
12215
12218
12219
12220
12221
12222
12223
12224
12225
12226
12227
12229
12234
12235
12237
12238
12239
12240
12241
12242
12244
12246
12247
12248
12252
12257
12258
12259
12261
12262
12267
12270
12272
12275
12276
12277
12278
12279
12280
12281
12282
12284
12286
12287
12288
12289
12291
12292
12294
12295
12298
12301
12306
12309
12310
12311
12312
12317
12318
12320
12321
12323
12324
12325
12326
12327
12329
12335
12339
12340
12341
12342
12343
12350
12352
12353
12354
12355
12356
12357
12358
12359
12360
12362
12363
12364
12365
12366
12367
12368
12369
12370
12372
12373
12374
12376
12379
12380
12381
12382
12383
12384
12386
12387
12388
12391
12395
12396
12397
12398
12399
12400
12401
12405
12406
12407
12408
12409
12410
12411
12412
12413
12414
12415
12418
12421
12423
12426
12431
12432
12433
12435
12437
12439
12440
12442
12443
12444
12445
12446
12447
12448
12456
12460
12464
12465
12468
12469
12470
12471
12472
12473
12477
12478
12479
12481
12482
12485
12490
12491
12492
12493
12494
12496
12497
12498
12500
12501
12504
12506
12509
12511
12512
12513
12514
12515
12517
12519
12522
12524
12526
12527
12529
12530
12533
12534
12537
12539
12540
12541
12542
12548
12553
12556
12557
12561
12562
12564
12565
12566
12567
12568
12572
12574
12575
12576
12577
12578
12579
12580
12581
12583
12584
12585
12593
12595
12596
12598
12599
12601
12602
12603
12604
12606
12607
12608
12609
12610
12611
12612
12613
12614
12615
12616
12617
12618
12619
12620
12621
12622
12623
12624
12625
12626
12627
12628
12629
12630
12631
12632
12633
12634
12635
12636
12637
12638
12639
12640
12641
12642
12643
12644
12645
12646
12647
12648
12649
12650
12651
12652
12653
12654
12655
12656
12657
12658
12659
12661
12663
12664
12665
12668
12669
12670
12671
12672
12673
12674
12675
12676
12677
12678
12679
12680
12681
12682
12686
12687
12688
12690
12694
12695
12696
12697
12701
12702
12704
12706
12708
12709
12710
12711
12714
12715
12716
12718
12719
12722
12727
12729
12734
12738
12742
12746
12747
12749
12750
12751
12752
12753
12755
12757
12758
12759
12760
12761
12762
12766
12769
12771
12773
12774
12775
12776
12777
12780
12782
12787
12788
12789
12790
12793
12796
12799
12800
12801
12802
12810
12811
12812
12813
12814
12817
12818
12819
12820
12823
12828
12833
12834
12835
12838
12840
12843
12845
12846
12848
12850
12852
12855
12859
12860
12861
12863
12866
12867
12868
12870
12871
12872
12873
12874
12878
12880
12881
12893
12895
12896
12897
12898
12908
12909
12910
12911
12912
12916
12919
12923
12926
12927
12928
12929
12931
12932
12933
12934
12935
12937
12972
12973
12974
12975
12976
12978
12979
12980
12981
12982
12983
12984
12985
12986
12987
12988
12989
12990
12991
12999
13001
13003
13004
13005
13006
13009
13010
13011
13014
13015
13017
13018
13024
13025
13027
13028
13031
13032
13033
13037
13038
13039
13044
13045
13046
13049
13052
13053
13055
13057
13058
13059
13062
13063
13064
13069
13070
13077
13079
13082
13084
13085
13086
13087
13088
13092
13093
13094
13096
13097
13101
13109
13111
13112
13113
13114
13115
13116
13117
13118
13121
13122
13123
13125
13126
13127
13128
13129
13130
13131
13132
13133
13140
13145
13146
13147
13149
13150
13151
13154
13156
13157
13162
13163
13168
13174
13176
13177
13178
13179
13180
13181
13184
13185
13188
13192
13196
13197
13198
13200
13206
13207
13208
13209
13211
13212
13213
13214
13217
13219
13220
13221
13222
13223
13224
13225
13226
13227
13229
13231
13234
13235
13238
13239
13240
13241
13244
13248
13249
13250
13251
13253
13254
13256
13258
13259
13260
13265
13268
13269
13272
13274
13278
13279
13280
13281
13283
13285
13286
13293
13294
13298
13302
13303
13305
13315
13316
13319
13320
13325
13326
13327
13328
13329
13330
13332
13333
13334
13335
13346
13350
13351
13352
13357
13358
13365
13367
13368
13370
13376
13380
13387
13389
13390
13395
13396
13403
13404
13405
13406
13408
13410
13411
13412
13413
13414
13415
13416
13421
13423
13424
13425
13433
13434
13435
13436
13437
13438
13439
13441
13446
13448
13449
13463
13473
13474
13475
13477
13478
13479
13480
13482
13488
13489
13492
13493
13494
13497
13498
13499
13500
13509
13513
13514
13520
13523
13525
13526
13529
13530
13531
13533
13534
13540
13543
13551
13553
13554
13557
13559
13560
13561
13562
13564
13565
13567
13569
13576
13577
13579
13580
13582
13583
13585
13586
13599
13602
13605
13606
13607
13608
13609
13610
13615
13620
13622
13624
13627
13633
13638
13640
13641
13642
13643
13644
13647
13650
13652
13653
13654
13657
13658
13667
13668
13669
13672
13673
13674
13677
13678
13679
13680
13681
13682
13684
13686
13688
13689
13690
13691
13693
13699
13700
13701
13703
13704
13705
13710
13714
13715
13716
13717
13718
13721
13722
13723
13724
13729
13730
13732
13733
13734
13739
13740
13743
13744
13745
13748
13750
13751
13752
13753
13760
13761
13764
13765
13766
13770
13772
13774
13775
13777
13787
13788
13792
13793
13798
13801
13804
13806
13808
13815
13816
13817
13818
13820
13822
13824
13825
13830
13840
13841
13843
13845
13848
13849
13850
13852
13853
13857
13858
13859
13860
13862
13868
13869
13880
13895
13897
13904
13906
13908
13911
13912
13914
13915
13916
13917
13918
13920
13921
13922
13923
13926
13927
13928
13930
13932
13933
13934
13937
13942
13952
13954
13956
13957
13962
13963
13964
13975
13977
13978
13980
13982
13989
13991
13992
13993
13994
13995
14004
14006
14010
14012
14014
14015
14016
14019
14024
14025
14026
14028
14031
14032
14036
14037
14040
14041
14042
14046
14047
14054
14056
14057
14060
14061
14062
14065
14068
14069
14071
14072
14074
14075
14077
14080
14088
14092
14094
14097
14098
14100
14103
14104
14105
14111
14114
14115
14116
14119
14120
14121
14122
14124
14129
14134
14135
14141
14143
14145
14146
14147
14148
14149
14153
14154
14155
14157
14158
14163
14164
14172
14174
14179
14181
14182
14185
14186
14189
14190
14203
14206
14214
14217
14220
14223
14224
14225
14226
14230
14232
14234
14238
14244
14250
14252
14258
14262
14267
14274
14275
14277
14278
14282
14308
14309
14310
14312
14313
14314
14315
14316
14317
14318
14322
14327
14328
14335
14338
14339
14342
14345
14346
14348
14349
14351
14354
14360
14361
14365
14366
14367
14372
14382
14395
14400
14401
14403
14411
14412
14413
14420
14424
14425
14426
14428
14429
14436
14438
14439
14441
14443
14445
14446
14447
14449
14463
14466
14467
14468
14469
14479
14486
14487
14491
14492
14498
14499
14500
14501
14502
14504
14505
14509
14511
14513
14515
14517
14519
14526
14533
14535
14537
14539
14541
14542
14543
14544
14550
14551
14555
14558
14564
14566
14567
14568
14570
14571
14572
14573
14574
14575
14576
14582
14583
14584
14588
14589
14593
14594
14595
14596
14597
14598
14600
14605
14606
14611
14612
14613
14616
14617
14619
14621
14622
14623
14624
14627
14631
14632
14643
14654
14656
14659
14664
14669
14674
14678
14679
14681
14682
14683
14684
14693
14694
14696
14697
14698
14699
14700
14701
14702
14708
14719
14724
14727
14728
14734
14739
14741
14764
14789
14790
14791
14792
14794
14795
14812
14814
14815
14818
14819
14820
14821
14825
14826
14827
14829
14831
14832
14833
14834
14835
14836
14843
14845
14846
14850
14853
14871
14872
14873
14876
14877
14880
14885
14888
14901
14902
14909
14911
14914
14917
14919
14922
14925
14926
14927
14937
14939
14940
14941
14942
14947
14948
14953
14959
14960
14961
14962
14963
14964
14965
14966
14967
14968
14969
14972
14973
14974
14975
14976
14977
14980
14981
14988
14989
14990
14994
14995
14998
15000
15001
15003
15004
15005
15006
15007
15008
15014
15017
15019
15020
15021
15023
15025
15026
15028
15030
15031
15032
15034
15036
15037
15041
15042
15045
15050
15052
15053
15056
15057
15058
15068
15071
15072
15076
15077
15083
15088
15091
15092
15093
15094
15099
15106
15107
15109
15111
15112
15115
15116
15118
15120
15126
15128
15129
15131
15132
15133
15139
15144
15145
15146
15147
15148
15149
15150
15151
15155
15160
15168
15169
15170
15171
15199
15202
15203
15212
15220
15224
15228
15230
15231
15238
15239
15246
15248
15249
15250
15252
15258
15262
15263
15264
15265
15267
15268
15273
15276
15278
15282
15294
15295
15296
15301
15303
15304
15316
15318
15321
15329
15330
15332
15335
15338
15339
15342
15346
15347
15350
15351
15353
15355
15358
15359
15360
15363
15364
15368
15370
15371
15372
15374
15375
15376
15378
15379
15381
15382
15384
15385
15386
15387
15388
15389
15390
15391
15392
15395
15396
15397
15399
15402
15403
15406
15407
15412
15413
15414
15415
15417
15418
15420
15421
15425
15427
15434
15436
15438
15440
15448
15452
15453
15460
15461
15462
15465
15466
15467
15468
15469
15476
15492
15495
15497
15499
15500
15501
15506
15507
15510
15512
15513
15522
15523
15526
15530
15543
15548
15550
15551
15552
15553
15557
15559
15563
15565
15566
15567
15569
15574
15576
15577
15582
15583
15594
15599
15604
15606
15608
15609
15614
15617
15618
15619
15620
15621
15622
15624
15627
15628
15629
15630
15631
15632
15635
15651
15663
15669
15671
15672
15673
15674
15675
15676
15691
15695
15699
15702
15703
15705
15710
15716
15718
15723
15724
15727
15728
15729
15732
15735
15736
15739
15740
15742
15745
15752
15760
15761
15762
15763
15766
15779
15783
15785
15790
15791
15803
15804
15805
15806
15808
15810
15811
15817
15818
15819
15821
15822
15825
15828
15834
15837
15838
15840
15841
15843
15845
15846
15849
15851
15853
15854
15855
15856
15857
15858
15860
15861
15868
15869
15870
15884
15887
15889
15890
15891
15896
15897
15898
15899
15902
15903
15904
15905
15906
15907
15908
15910
15911
15913
15916
15917
15918
15921
15922
15924
15925
15929
15938
15939
15941
15945
15946
15947
15949
15950
15955
15957
15960
15963
15964
15965
15967
15968
15969
15970
15971
15986
15988
15992
16000
16002
16007
16012
16013
16014
16015
16017
16019
16020
16021
16022
16023
16026
16035
16036
16037
16039
16043
16044
16046
16051
16053
16059
16062
16064
16065
16066
16068
16069
16070
16073
16074
16075
16076
16077
16078
16079
16083
16085
16089
16090
16091
16094
16095
16101
16102
16103
16104
16105
16106
16107
16110
16111
16112
16113
16114
16116
16118
16119
16120
16121
16122
16123
16124
16127
16128
16129
16130
16131
16132
16135
16142
16144
16147
16150
16154
16155
16157
16158
16163
16164
16165
16166
16167
16168
16174
16175
16177
16180
16189
16191
16192
16193
16194
16197
16198
16199
16202
16203
16207
16209
16211
16212
16214
16215
16217
16218
16219
16220
16221
16222
16225
16226
16230
16231
16232
16234
16236
16238
16239
16241
16243
16244
16246
16247
16248
16249
16250
16251
16252
16253
16254
16255
16258
16259
16260
16261
16262
16264
16265
16266
16267
16268
16269
16271
16273
16274
16277
16280
16319
16355
16356
16357
16358
16367
16368
16372
16395
16398
16399
16402
16406
16407
16413
16414
16418
16419
16421
16424
16425
16435
16438
16439
16441
16444
16445
16447
16449
16450
16452
16459
16463
16465
16466
16479
16481
16494
16497
16498
16503
16505
16507
16513
16514
16515
16516
16518
16522
16524
16525
16528
16529
16543
16544
16552
16555
16560
16561
16563
16564
16578
16583
16587
16588
16589
16590
16594
16596
16598
16599
16602
16623
16624
16625
16626
16641
16644
16645
16646
16647
16650
16666
16669
16671
16672
16674
16675
16676
16680
16682
16683
16689
16690
16693
16695
16696
16700
16701
16702
16703
16705
16706
16707
16709
16710
16711
16713
16714
16715
16718
16719
16723
16724
16725
16730
16731
16736
16740
16742
16744
16745
16749
16750
16755
16756
16757
16759
16760
16761
16765
16766
16770
16777
16779
16781
16783
16788
16790
16794
16796
16797
16801
16802
16804
16807
16809
16810
16813
16817
16826
16847
16852
16853
16856
16857
16861
16869
16874
16878
16879
16887
16888
16892
16900
16901
16906
16908
16909
16912
16915
16920
16929
16930
16944
16946
16947
16951
16952
16953
16958
16962
16967
16969
16972
16973
16974
16975
16982
16984
16986
16996
16997
16998
16999
17000
17002
17004
17019
17020
17022
17023
17024
17025
17029
17030
17031
17032
17033
17034
17035
17036
17038
17039
17040
17041
17042
17044
17045
17046
17049
17050
17051
17056
17058
17059
17060
17061
17062
17063
17066
17072
17073
17075
17076
17077
17078
17079
17081
17086
17088
17089
17090
17091
17092
17095
17097
17098
17100
17101
17102
17103
17104
17108
17115
17119
17121
17139
17156
17163
17166
17167
17169
17170
17173
17176
17179
17184
17185
17186
17190
17192
17193
17195
17196
17197
17198
17201
17208
17211
17215
17216
17219
17220
17222
17224
17225
17233
17240
17241
17242
17246
17247
17249
17250
17251
17253
17257
17258
17260
17262
17265
17269
17270
17273
17277
17278
17279
17280
17281
17283
17285
17286
17305
17314
17351
17354
17356
17357
17358
17368
17369
17399
17402
17403
17407
17408
17412
17427
17428
17431
17435
17437
17438
17439
17445
17446
17447
17452
17458
17459
17460
17461
17462
17465
17466
17470
17472
17473
17484
17486
17488
17489
17492
17493
17494
17496
17501
17502
17503
17506
17508
17509
17516
17518
17519
17520
17521
17543
17544
17546
17547
17555
17556
17563
17567
17579
17597
17600
17601
17602
17603
17606
17607
17608
17611
17612
17615
17617
17625
17627
17629
17637
17638
17640
17645
17649
17651
17652
17653
17656
17657
17670
17673
17681
17683
17693
17694
17696
17697
17698
17700
17702
17703
17712
17720
17734
17737
17744
17746
17748
17759
17764
17768
17770
17771
17776
17777
17779
17781
17784
17785
17794
17795
17799
17801
17803
17805
17806
17807
17815
17821
17823
17826
17831
17832
17835
17836
17842
17844
17851
17853
17855
17856
17857
17858
17859
17860
17869
17879
17881
17882
17883
17884
17885
17889
17891
17892
17893
17897
17898
17899
17900
17902
17904
17905
17907
17908
17909
17910
17914
17917
17919
17920
17921
17925
17926
17927
17928
17930
17932
17933
17934
17935
17936
17938
17940
17941
17942
17945
17950
17951
17952
17954
17955
17956
17958
17959
17960
17961
17962
17963
17965
17967
17969
17970
17971
17972
17976
17980
17982
17983
17984
17988
17991
17992
17993
17995
18004
18009
18012
18013
18015
18016
18019
18020
18021
18022
18024
18026
18027
18028
18032
18043
18055
18059
18060
18075
18077
18079
18084
18086
18087
18088
18090
18091
18092
18095
18099
18100
18101
18102
18104
18106
18110
18111
18112
18113
18114
18115
18116
18117
18119
18120
18121
18122
18123
18124
18125
18127
18128
18132
18142
18148
18149
18150
18151
18152
18155
18156
18157
18158
18159
18160
18161
18162
18163
18167
18169
18170
18171
18174
18175
18176
18177
18180
18182
18184
18189
18190
18191
18192
18193
18196
18228
18235
18236
18237
18238
18239
18240
18241
18242
18243
18244
18263
18268
18278
18281
18282
18284
18285
18286
18287
18288
18289
18290
18291
18292
18293
18294
18295
18301
18302
18321
18322
18334
18335
18343
18349
18359
18360
18365
18368
18376
18377
18379
18381
18395
18396
18398
18399
18400
18403
18404
18412
18413
18418
18426
18430
18431
18434
18441
18449
18453
18456
18458
18460
18461
18462
18467
18469
18472
18473
18493
18497
18498
18499
18505
18509
18510
18520
18524
18531
18542
18548
18550
18553
18555
18556
18560
18561
18562
18563
18564
18565
18567
18568
18572
18574
18579
18581
18583
18593
18596
18601
18602
18605
18609
18610
18611
18617
18623
18624
18626
18627
18628
18631
18632
18634
18635
18636
18637
18638
18639
18643
18644
18647
18649
18653
18656
18658
18659
18661
18662
18663
18664
18665
18668
18669
18670
18671
18672
18675
18676
18679
18680
18681
18689
18697
18698
18699
18702
18704
18707
18708
18709
18720
18725
18727
18728
18729
18730
18731
18734
18735
18737
18739
18745
18747
18749
18750
18751
18755
18766
18768
18770
18771
18773
18774
18775
18776
18777
18779
18780
18781
18782
18783
18785
18786
18787
18788
18789
18790
18794
18796
18800
18801
18803
18805
18806
18809
18812
18814
18818
18821
18823
18824
18825
18826
18830
18836
18838
18839
18840
18841
18843
18845
18851
18855
18857
18858
18861
18862
18871
18872
18873
18874
18876
18877
18880
18883
18887
18891
18903
18905
18907
18910
18912
18918
18923
18924
18928
18930
18932
18935
18938
18939
18943
18944
18946
18947
18948
18949
18950
18953
18954
18956
18957
18961
18964
18965
18969
18970
18973
18974
18976
18979
18980
18983
18984
18987
18991
18992
18994
18996
18997
19002
19003
19004
19005
19007
19008
19009
19017
19019
19022
19023
19025
19029
19034
19066
19079
19080
19081
19082
19083
19084
19096
19119
19120
19122
19123
19126
19127
19129
19130
19132
19135
19136
19137
19139
19140
19141
19142
19148
19149
19155
19156
19159
19160
19161
19162
19165
19173
19175
19178
19182
19183
19185
19188
19189
19190
19197
19204
19208
19210
19224
19226
19228
19230
19234
19235
19243
19250
19251
19258
19262
19263
19268
19282
19287
19288
19290
19291
19293
19294
19298
19303
19306
19307
19310
19313
19314
19318
19331
19348
19349
19353
19354
19355
19364
19366
19367
19370
19379
19383
19384
19386
19392
19393
19395
19397
19398
19400
19407
19410
19411
19413
19415
19416
19417
19419
19420
19421
19423
19424
19425
19426
19428
19429
19430
19433
19434
19436
19437
19438
19439
19440
19441
19442
19443
19444
19446
19447
19448
19450
19452
19453
19454
19456
19457
19458
19461
19462
19463
19464
19465
19466
19467
19470
19473
19475
19476
19477
19478
19482
19484
19487
19488
19494
19495
19496
19497
19499
19500
19504
19509
19517
19518
19521
19523
19524
19528
19531
19533
19534
19535
19539
19542
19543
19544
19547
19550
19551
19563
19564
19568
19570
19572
19573
19574
19575
19577
19578
19582
19584
19585
19587
19589
19591
19593
19595
19596
19597
19598
19599
19602
19603
19612
19614
19617
19618
19619
19620
19625
19629
19630
19631
19633
19637
19638
19640
19643
19652
19656
19658
19660
19662
19663
19664
19676
19678
19679
19691
19694
19695
19700
19701
19704
19707
19711
19713
19718
19719
19721
19727
19730
19731
19738
19741
19754
19758
19762
19763
19766
19768
19769
19775
19776
19778
19783
19787
19788
19789
19801
19806
19808
19809
19810
19811
19813
19815
19816
19817
19818
19820
19821
19822
19826
19833
19835
19848
19852
19853
19855
19857
19860
19861
19872
19873
19874
19875
19911
19912
19913
19914
19915
19916
19917
19918
19919
19952
19953
19954
19955
19962
19968
19969
19970
19980
19981
19982
19983
19992
19993
19994
19998
19999
20000
20002
20004
20006
20007
20012
20016
20017
20019
20024
20037
20038
20040
20043
20044
20060
20070
20073
20074
20080
20081
20084
20096
20098
20102
20103
20106
20107
20109
20115
20117
20120
20135
20136
20139
20140
20141
20151
20155
20156
20164
20174
20180
20187
20193
20194
20195
20197
20200
20204
20205
20207
20208
20211
20212
20213
20214
20217
20218
20219
20224
20228
20230
20234
20237
20242
20243
20246
20252
20254
20256
20259
20264
20265
20266
20268
20270
20271
20272
20274
20278
20279
20281
20282
20283
20284
20285
20286
20287
20288
20289
20290
20291
20292
20293
20296
20298
20300
20301
20302
20303
20304
20305
20306
20307
20309
20311
20312
20313
20314
20316
20317
20321
20323
20324
20325
20329
20330
20331
20333
20334
20335
20336
20337
20338
20339
20340
20341
20342
20343
20345
20347
20351
20352
20354
20355
20357
20358
20360
20361
20362
20363
20364
20366
20367
20371
20372
20373
20375
20376
20377
20379
20392
20393
20394
20399
20403
20405
20415
20416
20420
20426
20430
20433
20437
20440
20441
20444
20450
20451
20454
20455
20460
20461
20465
20467
20468
20469
20472
20474
20476
20477
20478
20479
20480
20481
20482
20483
20484
20488
20491
20495
20496
20497
20500
20503
20512
20513
20517
20518
20522
20524
20526
20527
20528
20529
20530
20531
20532
20533
20534
20535
20536
20537
20539
20540
20544
20545
20553
20555
20556
20557
20559
20564
20566
20567
20568
20570
20571
20572
20573
20574
20576
20580
20581
20582
20583
20584
20585
20586
20587
20589
20590
20591
20593
20595
20600
20604
20606
20607
20608
20613
20616
20618
20623
20624
20625
20631
20632
20634
20638
20639
20641
20642
20643
20644
20646
20649
20657
20658
20664
20673
20686
20687
20689
20690
20693
20696
20719
20730
20731
20740
20741
20760
20768
20772
20773
20776
20778
20779
20780
20782
20784
20785
20787
20789
20793
20794
20796
20798
20799
20804
20809
20812
20813
20814
20817
20818
20821
20822
20823
20828
20830
20831
20832
20834
20835
20836
20837
20839
20840
20843
20846
20850
20851
20852
20853
20854
20855
20856
20857
20858
20861
20862
20863
20870
20873
20874
20878
20879
20880
20882
20883
20887
20888
20892
20893
20894
20896
20897
20898
20901
20902
20936
20947
20952
20961
20962
20963
20964
20965
20969
20991
20994
21000
21001
21009
21010
21014
21015
21016
21022
21029
21033
21035
21036
21047
21050
21054
21057
21059
21062
21064
21065
21073
21074
21075
21076
21082
21087
21088
21089
21104
21109
21110
21114
21117
21118
21121
21125
21126
21128
21148
21149
21160
21161
21166
21182
21187
21188
21192
21219
21229
21234
21237
21238
21250
21254
21256
21257
21258
21262
21269
21270
21275
21276
21282
21284
21289
21290
21292
21293
21294
21301
21302
21306
21311
21313
21326
21327
21328
21330
21331
21336
21346
21348
21349
21350
21351
21355
21356
21357
21358
21359
21360
21361
21362
21363
21364
21367
21368
21369
21375
21380
21387
21388
21389
21390
21391
21392
21393
21394
21395
21396
21397
21398
21399
21400
21401
21402
21403
21404
21405
21406
21407
21408
21409
21410
21411
21412
21413
21414
21415
21416
21417
21418
21419
21421
21422
21423
21424
21425
21426
21427
21428
21429
21430
21431
21432
21433
21434
21435
21436
21437
21438
21439
21440
21441
21445
21446
21447
21448
21449
21450
21451
21453
21454
21455
21456
21457
21458
21459
21460
21461
21462
21463
21464
21465
21466
21467
21468
21469
21470
21471
21472
21473
21474
21475
21476
21477
21478
21479
21480
21481
21482
21483
21484
21485
21488
21495
21496
21497
21498
21499
21500
21501
21502
21503
21504
21505
21506
21507
21508
21509
21510
21511
21512
21513
21514
21515
21516
21517
21518
21519
21520
21521
21522
21523
21526
21527
21528
21529
21530
21531
21537
21539
21540
21541
21542
21543
21544
21545
21546
21547
21548
21549
21550
21551
21552
21553
21554
21555
21556
21557
21558
21559
21560
21561
21562
21563
21564
21568
21570
21571
21572
21574
21575
21576
21577
21580
21581
21582
21583
21584
21585
21586
21587
21588
21589
21602
21605
21607
21608
21609
21610
21611
21612
21613
21614
21615
21616
21617
21618
21619
21621
21622
21623
21625
21626
21627
21628
21629
21630
21631
21632
21633
21634
21635
21636
21637
21638
21639
21640
21641
21642
21643
21644
21645
21646
21647
21648
21649
21650
21651
21652
21653
21655
21656
21659
21660
21661
21662
21663
21664
21665
21670
21671
21672
21673
21674
21675
21676
21677
21678
21679
21680
21682
21683
21684
21685
21686
21687
21694
21695
21696
21697
21698
21699
21700
21701
21702
21703
21704
21705
21706
21707
21708
21709
21710
21711
21712
21713
21714
21715
21716
21717
21718
21719
21720
21721
21722
21723
21724
21725
21726
21727
21728
21729
21730
21731
21732
21733
21735
21736
21737
21738
21739
21742
21743
21744
21745
21746
21747
21748
21750
21751
21752
21753
21754
21758
21770
21774
21775
21776
21778
21782
21785
21789
21791
21795
21798
21799
21801
21802
21804
21811
21813
21814
21815
21817
21818
21821
21822
21825
21826
21827
21829
21840
21846
21850
21852
21853
21854
21856
21858
21860
21861
21862
21873
21887
21888
21891
21900
21903
21913
21914
21915
21919
21921
21922
21924
21925
21926
21927
21928
21929
21932
21933
21936
21937
21939
21942
21945
21949
21952
21956
21958
21962
21964
21965
21966
21970
21985
21986
21989
21990
21991
21999
22002
22003
22005
22010
22032
22038
22057
22063
22064
22065
22079
22080
22082
22102
22105
22106
22109
22112
22120
22132
22134
22136
22137
22138
22139
22140
22142
22143
22144
22146
22148
22151
22152
22153
22155
22156
22157
22158
22161
22162
22165
22167
22168
22171
22173
22174
22177
22183
22184
22185
22189
22190
22191
22192
22195
22199
22203
22222
22227
22249
22250
22253
22254
22260
22263
22275
22276
22277
22278
22280
22281
22283
22291
22292
22294
22299
22312
22322
22338
22341
22346
22347
22348
22351
22352
22354
22355
22356
22366
22369
22370
22378
22383
22385
22394
22395
22401
22402
22403
22405
22406
22409
22410
22413
22414
22415
22416
22421
22422
22423
22426
22429
22432
22434
22435
22440
22442
22446
22448
22449
22450
22451
22453
22454
22456
22465
22467
22469
22470
22473
22474
22475
22477
22480
22481
22482
22485
22487
22488
22489
22490
22492
22494
22495
22497
22498
22499
22500
22503
22505
22512
22517
22519
22521
22527
22528
22530
22531
22533
22534
22536
22537
22538
22540
22542
22543
22544
22545
22546
22547
22550
22551
22553
22554
22555
22558
22561
22562
22563
22564
22566
22567
22570
22571
22572
22573
22575
22577
22579
22580
22581
22582
22583
22584
22586
22587
22589
22594
22596
22597
22598
22599
22603
22605
22611
22612
22613
22616
22617
22618
22619
22621
22622
22623
22625
22626
22627
22628
22630
22631
22632
22633
22638
22639
22640
22644
22645
22647
22656
22666
22675
22679
22685
22686
22692
22694
22697
22701
22705
22706
22707
22717
22719
22722
22723
22724
22725
22729
22730
22732
22734
22736
22739
22740
22744
22745
22752
22754
22756
22757
22758
22769
22775
22776
22777
22780
22782
22783
22784
22786
22788
22791
22794
22802
22809
22810
22812
22815
22817
22819
22824
22827
22828
22829
22830
22831
22833
22835
22836
22837
22838
22839
22840
22842
22843
22846
22847
22848
22852
22855
22856
22857
22858
22860
22862
22863
22865
22868
22869
22870
22871
22872
22873
22874
22875
22877
22880
22885
22889
22890
22898
22899
22900
22901
22903
22905
22906
22907
22908
22909
22910
22911
22912
22913
22914
22919
22920
22921
22922
22923
22924
22927
22928
22929
22932
22933
22936
22937
22938
22939
22940
22942
22944
22945
22947
22948
22951
22952
22957
22958
22978
22981
22982
22983
22987
22988
22989
22990
22991
22992
22993
22994
22995
22996
22998
22999
23002
23003
23006
23008
23010
23011
23013
23014
23016
23017
23018
23019
23030
23032
23038
23040
23041
23042
23044
23045
23046
23047
23048
23054
23055
23057
23059
23060
23061
23062
23063
23064
23066
23067
23068
23069
23070
23071
23074
23079
23091
23096
23098
23102
23109
23110
23111
23113
23115
23116
23120
23121
23122
23128
23131
23133
23135
23151
23153
23155
23158
23162
23164
23165
23166
23168
23169
23172
23173
23176
23178
23179
23180
23182
23190
23191
23192
23197
23198
23199
23204
23212
23213
23214
23216
23217
23218
23220
23221
23228
23232
23234
23235
23238
23241
23244
23245
23246
23248
23249
23254
23257
23258
23259
23262
23265
23270
23271
23274
23277
23279
23280
23281
23283
23284
23286
23289
23294
23295
23296
23298
23306
23307
23308
23310
23313
23315
23318
23322
23323
23324
23325
23327
23329
23331
23355
23382
23383
23401
23402
23403
23404
23405
23406
23408
23409
23410
23411
23436
23437
23443
23444
23450
23452
23455
23457
23465
23468
23469
23471
23472
23473
23475
23477
23478
23490
23495
23504
23514
23520
23524
23543
23547
23549
23562
23564
23571
23578
23583
23587
23608
23612
23617
23625
23628
23638
23644
23648
23649
23650
23663
23667
23668
23669
23672
23673
23674
23675
23679
23680
23681
23685
23686
23688
23689
23691
23692
23699
23701
23707
23712
23717
23718
23722
23727
23728
23729
23730
23732
23733
23734
23735
23738
23739
23741
23742
23743
23744
23745
23747
23748
23749
23750
23751
23752
23753
23754
23755
23756
23757
23758
23759
23761
23768
23769
23771
23772
23773
23774
23775
23776
23777
23779
23783
23788
23791
23792
23798
23801
23804
23808
23809
23811
23812
23814
23816
23817
23818
23819
23821
23831
23833
23834
23837
23844
23850
23851
23852
23854
23855
23858
23861
23865
23867
23875
23877
23879
23880
23882
23884
23886
23887
23888
23889
23890
23893
23894
23895
23896
23897
23898
23899
23900
23904
23922
23924
23928
23931
23937
23938
23944
23946
23949
23950
23955
23975
23980
23981
23988
23989
23990
23992
23994
23995
23999
24000
24005
24010
24015
24019
24021
24024
24025
24026
24027
24028
24032
24044
24045
24046
24048
24051
24052
24053
24059
24060
24062
24063
24065
24066
24068
24069
24070
24074
24084
24087
24093
24101
24102
24103
24104
24105
24118
24119
24120
24121
24123
24124
24125
24126
24128
24129
24130
24131
24133
24134
24135
24138
24139
24140
24144
24146
24147
24148
24149
24152
24153
24154
24155
24156
24157
24158
24159
24162
24168
24173
24186
24188
24189
24190
24191
24194
24198
24199
24200
24201
24204
24206
24208
24210
24211
24214
24215
24217
24218
24219
24224
24226
24232
24236
24238
24239
24240
24245
24249
24250
24259
24260
24261
24265
24268
24269
24270
24274
24277
24278
24280
24289
24292
24296
24297
24301
24303
24304
24305
24308
24316
24317
24318
24325
24328
24331
24332
24333
24334
24337
24344
24345
24346
24347
24351
24352
24353
24354
24369
24370
24372
24376
24378
24380
24385
24386
24387
24397
24409
24410
24411
24412
24413
24420
24421
24422
24426
24432
24434
24438
24439
24441
24450
24455
24464
24474
24480
24484
24488
24492
24493
24494
24495
24503
24509
24517
24520
24523
24524
24526
24529
24532
24533
24535
24538
24541
24546
24547
24548
24549
24587
24601
24602
24603
24604
24605
24607
24608
24609
24611
24626
24637
24639
24640
24641
24643
24645
24646
24647
24648
24649
24654
24658
24662
24663
24665
24666
24671
24679
24680
24681
24695
24697
24699
24701
24709
24711
24712
24713
24728
24732
24734
24748
24749
24750
24751
24754
24761
24778
24779
24794
24818
24826
24827
24829
24837
24838
24847
24856
24857
24858
24862
24889
24890
24898
24899
24907
24910
24911
24916
24918
24919
24922
24923
24926
24927
24928
24930
24931
24934
24935
24939
24940
24944
24945
24946
24947
24948
24949
24950
24956
24959
24962
24965
24967
24968
24969
24974
24976
24977
24981
24984
24985
24986
24988
24994
24997
24998
24999
25000
25001
25014
25015
25018
25019
25020
25021
25022
25023
25024
25025
25029
25032
25034
25035
25036
25038
25039
25042
25043
25045
25046
25047
25049
25050
25051
25052
25053
25058
25062
25065
25073
25074
25075
25082
25084
25085
25087
25088
25089
25091
25093
25094
25095
25098
25099
25100
25102
25103
25104
25105
25106
25108
25109
25111
25112
25113
25115
25116
25118
25119
25120
25122
25124
25125
25127
25129
25131
25133
25137
25138
25139
25140
25142
25143
25146
25151
25152
25153
25154
25155
25156
25157
25158
25159
25160
25161
25162
25163
25164
25165
25166
25175
25176
25178
25180
25182
25183
25184
25189
25190
25191
25193
25198
25199
25212
25216
25225
25226
25227
25228
25229
25230
25231
25232
25233
25234
25237
25240
25250
25256
25257
25258
25259
25264
25266
25273
25275
25276
25290
25294
25298
25300
25301
25302
25309
25312
25316
25321
25322
25326
25331
25333
25340
25348
25354
25358
25364
25365
25366
25367
25368
25369
25370
25371
25372
25373
25374
25375
25376
25377
25378
25381
25383
25384
25399
25402
25403
25404
25405
25406
25410
25412
25413
25414
25415
25416
25417
25418
25421
25422
25424
25425
25426
25427
25428
25430
25432
25434
25455
25456
25457
25462
25464
25465
25468
25469
25472
25475
25476
25477
25478
25479
25481
25482
25483
25486
25488
25490
25491
25492
25495
25497
25509
25510
25511
25512
25513
25514
25515
25516
25517
25518
25519
25520
25521
25522
25531
25538
25539
25541
25542
25543
25544
25549
25551
25552
25553
25554
25555
25560
25561
25562
25565
25566
25570
25573
25577
25580
25584
25593
25594
25597
25601
25602
25604
25606
25607
25608
25609
25611
25612
25613
25614
25615
25616
25617
25619
25620
25624
25625
25628
25629
25630
25636
25638
25639
25640
25642
25645
25646
25648
25650
25652
25653
25655
25656
25657
25658
25659
25662
25663
25669
25670
25673
25674
25676
25677
25678
25679
25680
25683
25685
25686
25688
25689
25690
25693
25695
25696
25697
25698
25701
25704
25706
25708
25710
25711
25714
25715
25717
25720
25721
25722
25723
25725
25727
25742
25743
25744
25745
25746
25747
25750
25751
25760
25763
25764
25765
25766
25767
25768
25769
25772
25775
25778
25781
25783
25793
25798
25799
25800
25801
25807
25811
25813
25814
25815
25817
25819
25822
25823
25824
25832
25834
25835
25836
25851
25858
25864
25867
25869
25870
25875
25877
25878
25884
25885
25890
25892
25893
25898
25899
25901
25903
25905
25906
25907
25912
25913
25914
25915
25919
25920
25924
25925
25927
25930
25931
25933
25937
25938
25940
25941
25942
25943
25944
25945
25951
25953
25954
25955
25956
25957
25958
25959
25960
25961
25962
25963
25964
25965
25966
25970
25972
25973
25978
25979
25981
25986
25987
25988
25992
25993
25994
26002
26003
26004
26005
26007
26011
26012
26013
26027
26057
26074
26075
26080
26087
26092
26097
26119
26122
26123
26127
26151
26168
26169
26170
26177
26183
26188
26194
26195
26197
26199
26200
26201
26205
26210
26214
26223
26232
26233
26234
26235
26238
26240
26243
26246
26247
26248
26250
26251
26252
26255
26259
26261
26264
26266
26267
26268
26269
26271
26273
26275
26276
26277
26282
26283
26284
26285
26291
26293
26295
26298
26300
26301
26302
26307
26312
26313
26314
26319
26323
26328
26331
26332
26333
26334
26336
26337
26340
26345
26355
26356
26357
26368
26376
26382
26386
26389
26390
26393
26394
26395
26396
26397
26399
26400
26401
26411
26412
26414
26417
26422
26424
26425
26426
26429
26430
26433
26435
26438
26441
26442
26447
26448
26450
26451
26455
26457
26458
26459
26462
26466
26467
26468
26471
26474
26475
26478
26485
26488
26493
26495
26498
26500
26501
26502
26503
26504
26505
26507
26508
26513
26518
26522
26526
26527
26528
26530
26532
26533
26537
26541
26544
26545
26546
26548
26549
26551
26557
26559
26575
26578
26586
26587
26588
26591
26592
26593
26604
26605
26611
26612
26618
26620
26622
26629
26634
26636
26639
26640
26642
26652
26653
26654
26656
26659
26660
26661
26664
26665
26666
26667
26668
26671
26672
26678
26679
26680
26681
26682
26683
26685
26686
26688
26689
26691
26693
26694
26696
26698
26699
26702
26703
26707
26711
26712
26713
26715
26717
26720
26727
26728
26732
26733
26734
26736
26737
26738
26739
26740
26743
26744
26745
26748
26757
26761
26763
26793
26794
26795
26800
26806
26811
26821
26829
26837
26842
26849
26851
26857
26858
26871
26879
26883
26887
26891
26896
26897
26906
26908
26909
26917
26919
26921
26922
26924
26934
26935
26937
26938
26939
26940
26942
26945
26946
26947
26948
26950
26954
26955
26960
26963
26969
26970
26971
26973
26984
26986
26990
26993
26998
27003
27004
27005
27023
27032
27047
27048
27049
27050
27052
27054
27056
27061
27062
27063
27071
27072
27074
27079
27082
27083
27084
27087
27088
27091
27094
27095
27096
27098
27099
27101
27102
27103
27105
27106
27107
27108
27110
27114
27120
27121
27123
27125
27126
27130
27132
27141
27147
27150
27158
27169
27172
27178
27184
27192
27194
27197
27208
27217
27224
27227
27233
27236
27238
27239
27240
27241
27244
27248
27253
27254
27257
27258
27261
27263
27264
27265
27267
27269
27270
27276
27277
27279
27280
27282
27284
27286
27287
27288
27289
27291
27296
27301
27302
27303
27309
27311
27312
27314
27320
27323
27326
27327
27328
27330
27332
27336
27338
27341
27342
27343
27344
27347
27348
27349
27353
27354
27356
27362
27363
27365
27368
27372
27373
27374
27375
27381
27382
27383
27384
27385
27386
27387
27390
27392
27396
27397
27399
27400
27405
27407
27408
27409
27410
27411
27412
27413
27417
27420
27421
27422
27423
27425
27426
27431
27432
27433
27434
27438
27439
27440
27445
27446
27447
27449
27450
27452
27453
27454
27456
27457
27458
27465
27466
27470
27478
27480
27491
27492
27493
27495
27500
27502
27503
27504
27505
27506
27507
27509
27510
27511
27512
27513
27514
27515
27519
27520
27521
27522
27524
27525
27527
27529
27530
27531
27532
27533
27537
27539
27540
27546
27549
27551
27556
27564
27570
27571
27572
27576
27578
27580
27582
27584
27588
27589
27590
27591
27593
27595
27596
27597
27602
27606
27610
27613
27615
27618
27619
27657
27658
27659
27660
27675
27706
27709
27710
27711
27712
27714
27716
27718
27719
27724
27736
27739
27740
27748
27758
27764
27765
27775
27776
27789
27790
27791
27792
27810
27827
27845
27846
27849
27855
27864
27865
27870
27879
27895
27896
27899
27900
27915
27917
27918
27922
27923
27928
27930
27931
27932
27938
27947
27949
27952
27955
27958
27959
27960
27961
27963
27966
27967
27968
27974
27975
27977
27978
27982
27983
27984
27985
27986
27988
27991
27997
28004
28007
28019
28037
28038
28039
28042
28043
28045
28048
28049
28050
28051
28059
28068
28072
28073
28074
28075
28077
28078
28081
28091
28092
28093
28094
28095
28096
28103
28105
28107
28108
28125
28126
28127
28128
28129
28130
28131
28132
28133
28136
28137
28141
28151
28155
28156
28159
28161
28163
28165
28167
28168
28169
28171
28173
28174
28182
28183
28184
28196
28201
28204
28206
28207
28208
28209
28210
28220
28222
28235
28242
28245
28248
28251
28254
28272
28273
28275
28276
28277
28287
28295
28299
28305
28309
28317
28318
28321
28322
28324
28331
28340
28341
28342
28343
28345
28346
28351
28353
28364
28366
28376
28382
28390
28394
28396
28397
28398
28400
28402
28407
28411
28415
28416
28417
28418
28419
28425
28426
28427
28428
28433
28438
28439
28442
28443
28444
28446
28447
28449
28450
28451
28452
28453
28457
28460
28465
28467
28468
28474
28475
28479
28480
28481
28482
28483
28484
28485
28488
28492
28493
28494
28503
28504
28505
28508
28509
28511
28512
28513
28516
28519
28521
28524
28525
28527
28530
28531
28533
28534
28535
28536
28537
28538
28542
28543
28547
28551
28553
28554
28555
28556
28557
28558
28559
28563
28564
28568
28569
28570
28571
28572
28575
28583
28587
28592
28594
28598
28599
28600
28601
28602
28603
28607
28609
28611
28614
28618
28625
28626
28628
28629
28630
28631
28632
28633
28636
28638
28640
28642
28643
28644
28652
28653
28654
28655
28656
28657
28660
28661
28662
28664
28665
28666
28667
28669
28672
28673
28675
28676
28677
28678
28680
28681
28682
28683
28686
28687
28688
28689
28690
28692
28695
28697
28698
28700
28705
28707
28710
28711
28712
28714
28715
28716
28718
28719
28720
28722
28723
28726
28729
28732
28734
28737
28738
28739
28740
28742
28747
28750
28757
28759
28760
28765
28766
28770
28778
28779
28780
28781
28782
28784
28785
28787
28788
28791
28792
28793
28794
28800
28801
28802
28803
28807
28808
28810
28813
28816
28817
28818
28819
28820
28821
28822
28823
28824
28825
28828
28829
28831
28832
28833
28836
28837
28841
28842
28848
28851
28852
28853
28854
28855
28860
28866
28868
28869
28874
28878
28884
28886
28894
28912
28916
28917
28924
28934
28935
28936
28942
28945
28948
28950
28952
28953
28954
28955
28957
28958
28963
28966
28967
28968
28969
28978
28980
28983
28990
29053
29080
29081
29085
29122
29125
29132
29133
29137
29146
29148
29157
29160
29185
29186
29187
29189
29193
29196
29197
29198
29199
29203
29204
29208
29210
29212
29214
29220
29227
29244
29246
29249
29250
29252
29292
29298
29307
29311
29314
29328
29329
29337
29345
29346
29347
29348
29353
29355
29356
29361
29362
29363
29373
29374
29391
29394
29401
29402
29404
29419
29420
29427
29428
29430
29431
29432
29435
29437
29439
29443
29446
29447
29448
29449
29450
29456
29457
29458
29463
29464
29467
29470
29471
29472
29473
29476
29477
29483
29484
29490
29491
29508
29514
29528
29547
29552
29555
29561
29562
29565
29568
29575
29585
29605
29607
29609
29610
29612
29613
29614
29618
29619
29620
29624
29628
29631
29633
29634
29638
29641
29642
29643
29645
29646
29647
29650
29654
29655
29656
29657
29658
29659
29660
29663
29668
29672
29674
29681
29685
29686
29687
29690
29696
29700
29701
29705
29706
29725
29736
29737
29738
29745
29747
29750
29753
29760
29761
29762
29764
29765
29770
29772
29773
29776
29783
29787
29788
29799
29800
29802
29803
29804
29805
29806
29808
29812
29818
29824
29825
29829
29832
29834
29837
29839
29845
29850
29852
29858
29862
29869
29874
29880
29881
29886
29897
29905
29910
29950
29952
29959
29969
29972
29978
29979
29980
29982
29983
29984
29986
29987
29988
29991
29992
29994
29995
30000
30004
30005
30007
30008
30012
30017
30022
30024
30025
30027
30028
30029
30030
30031
30032
30033
30035
30036
30037
30039
30040
30042
30043
30048
30049
30050
30051
30053
30054
30055
30057
30060
30061
30063
30064
30065
30066
30067
30068
30070
30073
30080
30081
30085
30088
30090
30094
30095
30096
30097
30100
30109
30110
30111
30117
30119
30122
30123
30125
30126
30128
30129
30130
30136
30140
30141
30142
30144
30146
30147
30149
30150
30151
30152
30153
30154
30155
30157
30158
30159
30160
30161
30162
30164
30166
30167
30168
30169
30170
30172
30173
30174
30175
30176
30177
30179
30183
30184
30186
30187
30188
30190
30191
30192
30193
30194
30195
30197
30199
30200
30201
30203
30204
30205
30206
30208
30209
30211
30216
30218
30221
30222
30228
30230
30231
30234
30235
30240
30241
30242
30244
30245
30248
30249
30251
30252
30253
30257
30259
30267
30268
30269
30270
30271
30272
30273
30275
30276
30277
30281
30282
30283
30295
30296
30298
30299
30301
30302
30304
30305
30306
30307
30308
30310
30312
30314
30316
30321
30323
30324
30325
30326
30327
30328
30330
30332
30333
30334
30336
30337
30347
30348
30350
30353
30357
30362
30363
30365
30368
30370
30371
30372
30373
30374
30375
30379
30384
30386
30388
30389
30396
30406
30407
30409
30414
30416
30417
30418
30421
30425
30426
30430
30431
30437
30439
30440
30441
30443
30444
30445
30448
30473
30487
30488
30509
30514
30524
30525
30533
30535
30536
30539
30558
30562
30564
30566
30593
30596
30698
30704
30705
30708
30718
30719
30722
30724
30725
30767
30773
30775
30778
30779
30785
30786
30788
30797
30798
30821
30826
30827
30828
30829
30830
30831
30832
30835
30836
30837
30838
30840
30844
30847
30850
30851
30852
30857
30879
30881
30882
30883
30888
30917
30928
30933
30934
30935
30936
30937
30938
30939
30942
30955
30963
30991
31000
31012
31015
31020
31028
31031
31032
31037
31043
31061
31065
31086
31087
31092
31095
31097
31098
31104
31105
31109
31110
31113
31122
31124
31129
31134
31139
31147
31151
31152
31153
31174
31175
31179
31189
31190
31192
31196
31201
31203
31230
31231
31232
31234
31238
31239
31240
31249
31266
31267
31268
31271
31272
31276
31281
31282
31283
31291
31298
31312
31313
31319
31323
31324
31336
31338
31344
31349
31360
31363
31374
31375
31376
31377
31378
31380
31387
31389
31399
31400
31402
31414
31416
31418
31426
31429
31431
31435
31437
31438
31439
31442
31450
31451
31453
31458
31460
31461
31462
31463
31464
31465
31466
31468
31469
31470
31471
31473
31474
31475
31476
31477
31479
31480
31482
31483
31487
31489
31490
31491
31492
31493
31494
31495
31496
31500
31501
31502
31503
31504
31507
31508
31510
31511
31512
31513
31516
31517
31519
31522
31523
31525
31531
31555
31556
31557
31559
31569
31573
31574
31575
31576
31580
31581
31582
31584
31588
31592
31593
31594
31595
31596
31597
31598
31599
31600
31605
31617
31618
31619
31627
31628
31630
31631
31632
31633
31635
31637
31639
31640
31641
31642
31643
31648
31650
31655
31660
31661
31664
31665
31671
31677
31679
31680
31682
31684
31688
31689
31690
31696
31697
31698
31700
31701
31706
31711
31716
31719
31725
31727
31728
31729
31731
31737
31744
31767
31770
31771
31772
31774
31777
31778
31787
31807
31823
31824
31836
31838
31839
31840
31844
31846
31848
31853
31854
31858
31859
31861
31862
31863
31872
31873
31875
31876
31877
31883
31885
31886
31888
31893
31896
31897
31899
31901
31902
31903
31904
31905
31907
31909
31910
31911
31912
31916
31917
31918
31919
31920
31922
31925
31926
31928
31931
31933
31934
31935
31936
31937
31938
31939
31940
31943
31944
31946
31951
31952
31953
31954
31956
31957
31959
31969
31971
31972
31973
31975
31976
31977
31978
31980
31982
31984
31985
31988
31991
31996
32001
32002
32005
32006
32007
32008
32014
32018
32019
32021
32022
32025
32031
32032
32033
32034
32037
32038
32044
32047
32048
32049
32051
32052
32053
32054
32056
32057
32058
32059
32060
32062
32063
32065
32066
32067
32069
32070
32071
32072
32073
32074
32078
32079
32080
32082
32085
32086
32087
32088
32089
32090
32091
32092
32093
32096
32101
32103
32107
32108
32120
32121
32128
32131
32132
32145
32146
32151
32163
32184
32200
32207
32208
32213
32214
32217
32222
32226
32229
32233
32234
32237
32242
32250
32260
32263
32264
32267
32270
32272
32275
32276
32277
32278
32279
32280
32281
32282
32288
32294
32295
32296
32298
32299
32300
32302
32308
32310
32311
32313
32314
32315
32379
32381
32384
32387
32389
32393
32400
32405
32406
32424
32428
32436
32449
32453
32462
32522
32527
32531
32532
32533
32544
32547
32549
32550
32552
32556
32561
32562
32563
32564
32569
32570
32571
32579
32580
32582
32590
32593
32594
32596
32603
32605
32608
32609
32610
32611
32612
32613
32614
32616
32618
32621
32622
32623
32628
32630
32631
32633
32634
32720
32724
32726
32730
32731
32734
32735
32766
32768
32770
32776
32796
32807
32808
32809
32810
32811
32821
32853
32855
32858
32890
32891
32892
32893
32897
32899
32911
32928
32931
32938
32939
32943
32944
32945
32969
32987
32990
33000
33002
33004
33010
33011
33012
33014
33017
33027
33034
33035
33040
33044
33056
33058
33061
33100
33103
33113
33117
33118
33129
33135
33137
33154
33157
33158
33160
33162
33163
33165
33175
33179
33181
33187
33188
33189
33190
33191
33193
33195
33196
33197
33198
33200
33201
33202
33205
33210
33213
33215
33217
33219
33221
33222
33224
33226
33230
33247
33248
33249
33254
33255
33258
33261
33263
33264
33269
33270
33274
33282
33288
33290
33319
33328
33329
33330
33334
33335
33337
33343
33344
33345
33346
33347
33348
33353
33372
33376
33377
33379
33382
33383
33384
33389
33390
33392
33393
33394
33395
33396
33397
33399
33400
33401
33402
33405
33406
33408
33412
33413
33414
33415
33418
33419
33420
33421
33433
33434
33440
33441
33446
33448
33450
33451
33452
33453
33454
33455
33456
33457
33458
33462
33463
33464
33466
33467
33468
33471
33472
33473
33476
33478
33480
33489
33492
33495
33498
33499
33501
33502
33503
33504
33508
33509
33511
33514
33515
33516
33517
33518
33520
33522
33523
33525
33528
33529
33532
33534
33535
33536
33537
33538
33539
33544
33550
33553
33555
33556
33559
33560
33561
33562
33564
33565
33567
33568
33569
33570
33571
33572
33573
33574
33575
33580
33581
33582
33583
33584
33586
33587
33589
33590
33591
33592
33594
33595
33596
33598
33599
33600
33602
33603
33604
33605
33606
33607
33608
33609
33610
33613
33614
33617
33619
33621
33622
33623
33624
33625
33626
33628
33630
33633
33634
33655
33660
33661
33662
33667
33677
33680
33681
33682
33684
33685
33687
33688
33690
33691
33696
33699
33700
33701
33702
33703
33704
33713
33714
33725
33727
33734
33737
33740
33746
33747
33750
33761
33762
33789
33799
33800
33801
33806
33810
33811
33814
33817
33823
33825
33826
33829
33834
33838
33852
33861
33863
33869
33871
33872
33875
33879
33886
33889
33892
33896
33897
33898
33902
33904
33905
33907
33910
33912
33917
33918
33920
33923
33929
33932
33936
33937
33958
33961
33963
33979
33991
33994
34000
34002
34003
34004
34010
34011
34012
34014
34016
34017
34021
34024
34025
34026
34028
34030
34031
34034
34038
34039
34042
34044
34047
34049
34053
34063
34077
34079
34080
34081
34083
34088
34089
34090
34100
34101
34102
34103
34104
34106
34107
34123
34127
34128
34129
34130
34132
34133
34134
34135
34137
34138
34139
34141
34142
34143
34144
34147
34148
34152
34153
34154
34156
34158
34159
34161
34162
34163
34164
34165
34166
34172
34175
34176
34177
34178
34179
34180
34181
34182
34183
34184
34187
34188
34189
34190
34191
34192
34193
34194
34197
34198
34199
34200
34202
34204
34205
34206
34208
34215
34218
34219
34220
34224
34225
34227
34231
34233
34234
34235
34236
34237
34239
34240
34241
34245
34246
34249
34250
34251
34252
34253
34254
34256
34258
34259
34261
34262
34264
34266
34267
34268
34271
34272
34273
34277
34278
34279
34280
34281
34282
34283
34284
34285
34288
34289
34293
34294
34297
34300
34302
34304
34307
34308
34310
34312
34313
34314
34316
34317
34319
34320
34321
34322
34323
34324
34325
34326
34351
34366
34398
34399
34414
34419
34420
34424
34543
34611
34636
34645
34666
34689
34696
34708
34716
34717
34718
34738
34746
34753
34760
34778
34779
34791
34817
34838
34846
34854
34892
34893
34901
34919
34978
34993
34995
34996
35053
35056
35062
35076
35087
35093
35137
35165
35197
35222
35229
35233
35237
35239
35265
35268
35269
35270
35274
35283
35286
35295
35313
35316
35324
35325
35326
35334
35346
35347
35350
35352
35356
35357
35358
35364
35365
35366
35370
35371
35391
35394
35403
35419
35429
35441
35444
35446
35461
35462
35464
35465
35534
35618
35646
35655
35703
35725
35734
35768
35769
35976
35977
35978
36033
36035
36036
36037
36060
36061
36169
36177
36182
36184
36187
36213
36226
36235
36264
36329
36340
36352
36424
36426
36444
36445
36446
36472
36614
36672
36773
36774
36782
36783
36800
36888
36983
36986
37019
37022
37044
37117
37141
37163
37218
37279
37309
37349
37391
37392
37432
37452
37471
37519
37530
37556
37561
37573
37582
37583
37584
37588
37592
37596
37601
37607
37608
37609
37623
37627
37630
37640
37645
37646
37655
37678
37683
37687
37692
37699
37706
37720
37729
37734
37735
37736
37749
37782
37786
37788
37818
37836
37840
37848
37853
37859
37865
37939
37941
38018
38019
38020
38024
38044
38046
38050
38070
38083
38086
38203
38237
38238
38245
38246
38250
38268
38269
38270
38442
38454
38461
38470
38540
38541
38628
38636
38641
38669
38671
38674
38684
38821
38960
38962
38966
38976
38980
39167
39184
39256
39285
39290
39300
39314
39332
39335
39336
39382
39405
39415
39420
39427
39428
39429
39463
39464
39509
39516
39529
39536
39539
39540
39543
39549
39557
39558
39564
39566
39571
39635
39645
39653
39655
39677
39678
39679
39686
39699
39712
39726
39734
39741
39748
39791
39792
39795
39799
39802
39809
39814
39849
39854
39860
39864
39871
39875
39877
39880
39882
39890
39930
39971
39991
40007
40023
40092
40106
40134
40206
40209
40210
40227
40230
40248
40328
40409
40410
40436
40440
40441
40444
40447
40457
40459
40463
40684
40706
40763
40764
40774
40775
40776
40795
40917
40919
40981
40994
41030
41049
41107
41184
41199
41206
41213
41279
41450
41458
41481
41488
41502
41740
41742
41795
41800
41927
41943
41979
41981
41986
42073
42112
42113
42175
42177
42183
42191
42271
42295
42354
42355
42365
42377
42403
42478
42479
42482
42485
42487
42492
42516
42522
42523
42531
42566
42585
42593
42609
42614
42697
42747
42748
42772
42775
42776
42849
42910
42924
42929
42981
42985
42998
43025
43081
43083
43188
43193
43212
43224
43259
43282
43283
43293
43368
43414
43436
43511
43597
43605
43657
43667
43669
43706
43722
43724
43751
43752
43763
43767
43768
43775
43783
43790
43793
43794
43804
43806
43813
43841
43843
43844
43857
43859
43881
43882
43889
43890
43908
43924
43931
43935
43954
43955
43956
43957
43971
43993
43998
43999
44000
44001
44005
44011
44013
44016
44027
44033
44039
44103
44117
44192
44216
44217
44263
44455
44473
44475
44479
44527
44530
44574
44597
44613
44711
44717
44821
44885
45027
45073
45261
45298
45299
45300
45305
45492
45500
45509
45510
45511
45512
45517
45518
45580
45640
45685
45687
45688
45689
45692
45699
45700
45737
45752
45846
45847
45855
45878
46053
46076
46083
46095
46110
46208
46277
46280
46308
46392
46441
46442
46513
46514
46539
46563
46568
46580
46592
46595
46596
46610
46632
46643
46644
46669
46686
46689
46691
46692
46701
46702
46719
46720
46722
46727
46731
46737
46793
46796
46824
46829
46920
46977
47002
47005
47038
47044
47045
47077
47086
47144
47162
47164
47171
47219
47293
47294
47466
47494
47619
47620
47627
47649
47707
47708
47835
47843
47851
47891
48047
48070
48159
48171
48200
48300
48373
48410
48411
48415
48416
48422
48424
48425
48434
48435
48447
48451
48456
48457
48458
48461
48471
48472
48480
48482
48492
48495
48529
48575
48588
48607
48619
48624
48628
48631
48636
48638
48640
48643
48650
48681
48700
48715
48720
48736
48737
48756
48767
48774
48778
48779
48782
48785
48794
48798
48799
48801
48807
48842
48844
48886
48888
48909
48934
48960
49036
49109
49110
49187
49272
49291
49350
49382
49384
49440
49441
49443
49448
49466
49469
49481
49500
49501
49698
49699
49700
49702
49777
49987
50000
50033
50240
50250
50251
50412
50413
50428
50687
50717
50718
50719
50721
50722
50768
50855
50866
51023
51166
51178
51261
51406
51415
51419
51430
51431
51569
51570
51599
51655
51659
51663
51741
51772
51823
51824
51825
51826
51827
51828
51829
51895
51915
51983
51985
52005
52008
52030
52057
52225
52226
52228
52231
52242
52246
52260
52261
52266
52267
52270
52271
52285
52291
52292
52293
52294
52295
52301
52308
52309
52316
52334
52337
52341
52344
52384
52387
52421
52422
52455
52457
52480
52487
52500
52558
52570
52589
52601
52604
52633
52649
52665
52670
52681
52767
52872
52963
52975
53029
53093
53109
53157
53159
53237
53250
53252
53253
53256
53285
53311
53316
53468
53537
53629
53843
53910
54182
54237
54288
54362
54391
54411
54439
54509
54510
54521
54522
54563
54598
54693
54720
54810
54820
54827
54852
54862
54863
54902
54932
54963
54967
55082
55108
55112
55196
55212
55221
55222
55223
55276
55319
55320
55331
55381
55382
55383
55384
55397
55418
55428
55477
55543
55555
55559
55561
55576
55676
55678
55701
55702
55720
55733
55735
55737
55749
55753
55755
55759
55772
55810
55815
55838
55844
55845
55854
55873
55874
55875
55892
55901
56000
56038
56041
56088
56100
56280
56329
56422
56561
56678
56788
56957
57140
57359
57424
57471
57509
57567
57658
57868
57879
57901
58084
58095
58096
58097
58098
58152
58163
58164
58184
58185
58186
58191
58196
58214
58215
58217
58221
58279
58345
58364
58365
58373
58417
58418
58424
58440
58441
58460
58466
58495
58498
58499
58534
58535
58569
58572
58573
58578
58579
58580
58595
58600
58605
58607
58608
58622
58627
58664
58671
58672
58679
58682
58691
58707
58709
58896
58931
59000
59001
59087
59232
59239
59369
59388
59389
59390
59417
59419
59425
59470
59793
59797
59800
59804
59828
59830
59833
59964
59970
60000
60001
60006
60008
60148
60150
60183
60186
60406
60423
60558
60609
60614
60622
60669
60972
61042
61189
61190
61195
61208
61342
61384
61386
61400
61401
61402
61404
61444
61912
61913
62071
62190
62503
62666
62701
62794
63032
63068
63129
63145
63156
63162
63163
63305
63307
63387
63389
63440
63528
63605
63609
63897
64070
64288
64289
64290
64291
64295
64296
64547
64553
64974
64975
65001
65091
65100
65159
65210
65213
65241
65244
65357
65363
65487
65489
65541
65583
65590
65637
65657
65658
65672
65675
65685
65692
65694
65696
65697
65698
65708
65712
65716
65769
65770
65775
65784
65785
65803
65821
65848
65859
65885
65894
66151
66207
66391
66454
66458
66479
66583
66652
66661
66667
66669
66671
66843
66846
66856
66934
66939
67070
67085
67235
67308
67712
67853
67979
68021
68109
68114
68144
68218
68325
68410
68448
68718
68719
68730
68779
68853
68947
68948
69159
69228
69230
69231
69245
69259
69260
69261
69263
69264
69275
69286
69287
69288
69295
69311
69312
69406
69421
69423
69434
69460
69469
69496
69500
69565
69594
69754
69869
69870
69961
69971
69977
70030
70179
70207
70210
70401
70409
70418
70444
70446
70449
70679
70710
70711
70712
70713
70714
70715
70716
70718
70720
70728
70737
70744
70745
70781
70782
70783
70850
70936
70942
70995
71000
71001
71282
71445
71461
71480
71482
71483
71485
71489
71538
71539
71556
71615
71669
71783
71885
71971
72012
72021
72037
72042
72059
72060
72071
72432
72447
72543
72545
72596
72632
72633
72801
72802
72804
72819
72827
72834
72876
72993
73046
73059
73079
73199
73342
73358
73442
73453
73465
73491
73511
73517
73520
73529
73533
73534
73539
73551
73610
73637
73638
73640
73670
73686
73687
73692
73693
73699
73700
73701
73703
73704
73767
73769
73782
73819
73827
73857
73862
73872
73883
73885
73891
73936
73955
73984
74024
74370
74400
74439
74503
74509
74625
74764
74818
74824
75009
75058
75063
75072
75190
75223
75225
75308
75555
75562
75564
75569
75570
75591
75823
75829
75836
75837
75841
75842
75844
75846
75852
75969
75970
75971
75972
76272
76309
76628
76713
76818
77044
77136
77138
77185
77318
77441
77560
77621
77696
77755
77856
77870
77971
78071
78115
78118
78123
78124
78125
78221
78249
78252
78309
78310
78383
78386
78391
78392
78393
78394
78429
78430
78431
78432
78433
78434
78453
78534
78535
78536
78577
78578
78652
78661
78756
78816
78830
78867
78905
79086
79087
79117
79129
79130
79138
79144
79149
79152
79240
79241
79254
79271
79286
79316
79333
79347
79353
79354
79360
79375
79410
79418
79419
79472
79641
79647
79694
79811
79826
79847
79864
79889
79896
79900
79912
79991
79996
80008
80135
80179
80180
80184
80451
80652
80675
80801
80807
80808
80810
80984
81203
81790
81822
81859
81915
81947
81948
81971
82071
82092
82153
82232
82332
82346
82361
82463
82464
82559
82638
82656
82896
82926
82927
82937
83360
83362
83363
83464
83598
83600
83657
83956
83982
84011
84012
84015
84075
84095
84096
84100
84118
84119
84120
84200
84224
84225
84339
84340
84342
84417
84447
84566
84882
84884
84902
84919
84921
84926
84928
84943
84945
84951
84991
84994
84995
84996
85004
85014
85015
85030
85047
85095
85119
85121
85158
85168
85179
85183
85185
85190
85195
85196
85197
85198
85199
85200
85214
85215
85216
85217
85267
85293
85299
85308
85317
85320
85386
85388
85389
85400
85401
85411
85422
85466
85471
85472
85511
85512
85516
85558
85559
85564
85585
85773
85878
85970
86043
86196
86279
86551
87088
87097
87142
87219
87271
87312
87644
87954
88071
88146
88260
88292
88297
88470
88611
88705
88795
88874
88875
88878
88879
88906
88961
89131
89264
89282
89455
89664
89735
89739
89818
89903
89909
89956
89973
90022
90125
90138
90140
90226
90278
90279
90288
90308
90317
90328
90370
90376
90377
90383
90388
90396
90397
90414
90429
90446
90447
90449
90450
90453
90455
90461
90463
90471
90472
90479
90480
90481
90482
90487
90502
90503
90525
90526
90528
90533
90564
90579
90672
90698
90703
90709
90711
90712
90713
90717
90718
90732
90806
90817
90818
90820
90825
90826
90830
90837
90875
90892
90918
90926
90936
90937
90944
90953
91006
91007
91023
91024
91199
91213
91214
91275
91287
91395
91422
91428
91429
91553
91604
91607
91888
91890
91898
91907
92097
92209
92213
92251
92279
92297
92300
92389
92525
92578
92579
92585
92586
92614
92685
92891
92892
92893
92894
93061
93102
93256
94228
94291
94356
94400
94556
94884
95008
95016
95020
95024
95072
95179
95219
95247
95449
95474
95593
95760
95771
95782
95785
95793
95802
95824
95851
95852
95853
95882
95895
95928
95935
95939
95951
95954
95955
95959
95962
95980
95982
96086
96178
96189
96192
96193
96200
96205
96206
96217
96254
96268
96327
96344
96348
96506
96612
96623
96747
96765
96876
97069
97186
97268
97336
97472
97508
97512
97582
97631
97637
97677
97786
98127
98494
98722
98825
98866
99070
99193
99201
99262
99503
99581
99824
99861
99862
99863
99891
99905
99906
99928
99941
99942
99949
99950
100000
100007
100019
100027
100028
100029
100033
100046
100047
100049
100050
100051
100077
100122
100133
100229
100231
100266
100267
100268
100292
100308
100309
100416
100417
100433
100434
100445
100456
100483
100485
100519
100553
100596
100604
100675
100726
100728
100731
100732
100733
100734
100735
100897
100924
100934
100936
100940
101331
101383
101432
101461
101462
101491
101713
101721
101722
101723
101777
101781
101810
101813
101902
101955
101960
102211
102224
102234
102536
102617
102619
103220
103421
103422
103460
103560
103733
103734
103737
103738
103739
103740
103770
103966
104020
104052
104210
104698
104896
105211
105222
105613
105675
106537
106545
106817
106869
107052
107054
107074
107223
107379
107393
107396
107638
107805
108072
108096
108097
108113
108140
108201
108205
108382
108496
108720
108953
109097
109330
109435
109573
109712
109879
110026
110073
110074
110077
110288
110289
110293
110294
110295
110296
110297
110298
110299
110300
110393
110404
110405
110408
110416
110702
110742
110743
111468
111558
111561
111570
111571
111594
111660
111661
111696
111818
111913
112233
112313
112320
112328
112338
112483
112492
112527
112656
112797
112798
112900
113202
113203
113208
113214
113256
113333
113355
113388
113390
113394
113395
113405
113415
113461
113659
113671
113949
113950
113951
113952
114022
114023
114024
114025
114026
114027
114094
114096
114156
114239
114612
114613
114649
114659
114689
114703
114705
114725
114828
114829
114987
114990
114991
115015
115051
115058
115059
115254
115312
115326
115331
115434
115449
115477
115561
115801
115885
115891
115950
116162
116166
116446
116903
116939
117020
117032
117086
117093
117156
117240
117329
117350
117381
117384
117386
117387
117388
117390
117406
117413
117430
117435
117439
117506
117539
117568
117572
117581
117582
117586
117595
117596
117610
117614
117640
117652
117657
117703
117704
117711
117712
117713
117714
117715
117736
117781
117852
117874
117993
117997
118102
118172
118173
118178
118194
118214
118230
118233
118401
118418
118554
118768
118769
118945
119248
119602
119846
119890
119967
119993
120038
120040
120074
120103
120112
120120
120121
120141
120153
120174
120186
120188
120191
120196
120208
120214
120215
120218
120285
120299
120308
120324
120347
120349
120350
120351
120352
120353
120354
120361
120364
120367
120368
120375
120405
120452
120460
120461
120462
120481
120569
120643
120730
120735
120741
120942
121001
121007
121008
121016
121019
121022
121032
121089
121103
121121
121132
121133
121211
121232
121236
121237
121313
121315
121327
121328
121329
121330
121331
121332
121352
121468
121469
121479
121480
121481
121483
121486
121505
121506
121536
121537
121540
121542
121547
121557
121593
121594
121608
121609
121615
121631
121633
121637
121654
121655
121656
121659
121715
121716
121717
121718
121719
121725
121756
121817
121865
122554
122555
122632
123120
123290
123647
123794
123818
123852
123860
124075
124104
124114
124143
124192
124368
124398
124844
124845
125071
125076
125473
125476
125592
125718
126160
126245
126315
126444
126445
126578
126748
126749
126780
126888
126901
126905
126906
126965
127005
127030
127196
127477
127515
127516
127517
127545
127689
127803
127810
127870
127933
127935
128022
128036
128054
128062
128065
128166
128177
128228
128297
128314
128315
128321
128323
128327
128341
128343
128345
128348
128372
128373
128389
128408
128417
128426
128439
128474
128523
128562
128585
128586
128593
128602
128604
128607
128608
128610
128611
128614
128615
128622
128627
128633
128795
128882
128895
128925
129026
129050
129051
129052
129053
129060
129061
129063
129064
129068
129071
129073
129078
129082
129092
129095
129096
129099
129100
129101
129102
129108
129114
129119
129125
129137
129138
129146
129148
129149
129151
129152
129154
129158
129160
129161
129165
129167
129172
129173
129176
129177
129185
129186
129187
129188
129196
129201
129209
129214
129216
129234
129259
129277
129307
129312
129314
129318
129321
129324
129325
129327
129328
129330
129332
129333
129335
129338
129342
129550
129555
129561
129564
129595
129743
129773
129801
129807
129811
129876
129879
129881
129882
129898
129954
129955
129962
129963
129966
129968
129969
129973
129980
129982
129985
129988
130006
130007
130066
130067
130069
130071
130072
130078
130088
130089
130090
130126
130127
130128
130158
130161
130229
130249
130283
130314
130319
130320
131181
131186
131245
131762
131763
132005
132445
132524
132661
132718
132719
132792
132798
132820
132824
132825
132874
132903
132904
133007
133008
133009
133068
133074
133077
133161
133243
133250
133280
133293
133296
133404
133432
133527
133528
133536
133537
133552
133716
133726
133743
133744
133745
133746
133747
133753
133756
133773
133774
133782
133814
133832
133834
133850
133854
133861
133874
133889
133891
133892
134003
134008
134019
134027
134028
134034
134036
134039
134040
134044
134050
134063
134069
134072
134081
134087
134088
134091
134092
134099
134105
134109
134112
134124
134125
134127
134130
134131
134134
134135
134138
134146
134150
134160
134169
134174
134178
134180
134244
134292
134329
134340
134346
134348
134369
134402
134419
135069
135268
135561
135799
135978
135979
135980
135991
136108
136197
136199
136273
136367
136432
136472
136473
136518
136557
136666
136743
136795
136803
136818
136824
136825
136922
137039
137052
137066
137082
137165
137166
137217
137632
138016
138221
138445
138979
139028
140038
140602
140620
140628
140980
141128
141414
141496
141995
142014
142020
142084
142091
142106
142275
142291
142368
142369
142408
142562
142752
142753
142754
142755
142756
142757
142758
142759
142760
142822
143048
143579
143622
143641
144096
144296
144303
144333
144362
144386
144496
144552
144633
144692
144716
144752
144769
144907
145062
145075
145166
145445
145475
145488
145523
145534
145545
145546
145558
145559
145562
145566
145588
145593
145709
145732
145768
145820
145962
146040
146268
146442
146921
147397
147421
147595
147693
147736
147766
147918
147971
148081
148384
148604
148707
148780
149113
149115
149157
149160
149163
149243
149244
149528
149573
149728
149865
149884
149951
149952
149955
149968
150035
150046
150081
150118
150129
150145
150316
150374
150520
151242
151349
151351
151362
151430
151590
151657
151659
151697
151834
151835
151997
152067
152146
152188
152217
152226
152227
152233
152290
152299
152319
152320
152454
152481
152533
152559
152641
152647
152657
152750
152985
153078
153284
153289
153298
153301
153333
153686
154004
154005
154006
154141
154378
154493
154554
154587
154660
154714
154865
154902
154932
154938
154991
155083
155116
155138
155142
155215
155270
155290
155438
155784
155948
156542
156631
156751
156879
156880
156939
156990
157015
157020
157064
157141
157194
157258
157271
157301
157332
157396
157421
157456
157473
157491
157494
157533
157534
157541
157640
157693
157747
158092
158222
158241
158329
158472
158520
158589
158623
158657
158899
158913
159011
159013
159102
159164
159181
159215
159351
159409
159629
159743
159776
159778
159799
159814
159826
159827
159865
159902
159974
159999
160001
160013
160105
160215
160259
160493
160512
160903
161092
161207
161215
161230
161278
161315
161349
161371
161545
161546
161585
161592
161693
161699
161715
161750
161962
161975
161989
162001
162002
162011
162035
162158
162166
162173
162466
162755
162937
162978
163119
163153
163244
163255
163470
163623
163624
163625
163626
163639
163640
163641
163693
163800
163819
164006
164130
164215
164268
164518
164536
164585
164586
164587
164589
164701
164791
164792
165067
165192
165347
165574
165612
165659
166028
166229
166570
166614
166622
166745
166746
166747
166748
166749
166886
166944
167010
167018
167113
167208
167341
167748
167852
167875
167960
167971
167976
168126
168221
168234
168261
168321
168358
168531
168635
168638
168698
168767
168948
169078
169184
169299
169568
169834
170006
170007
170008
170009
170010
170011
170012
170022
170023
170073
170162
170306
170395
170487
170700
170879
170900
170906
170909
170927
170995
171112
171118
171153
171171
171183
171256
171381
171396
171429
171433
171448
171458
171465
171588
171624
172090
172191
172269
172315
172317
172318
172425
172430
172505
172525
172526
172593
172734
172850
172932
172947
172951
172985
172989
172996
173002
173032
173086
173094
173108
173117
173395
173649
173872
173936
174281
174361
174362
174363
174364
174365
174466
174515
174567
174801
175017
175046
175109
175152
175166
175204
175208
175238
175259
175281
175282
175365
175410
175411
175419
175437
175450
175451
175452
175476
175548
175562
175563
175566
175583
175586
175588
175613
175629
175633
175636
175718
175726
175730
175920
176014
176103
176380
176610
176710
176711
176866
176867
176884
176981
177065
177120
177148
177415
177625
177659
177722
177853
177967
177982
178008
178014
178113
178150
178151
178155
178156
178226
178243
178256
178263
178267
178294
178534
178603
178679
178796
178803
178830
178987
179221
179223
179413
179593
179595
179647
179678
179764
179875
180141
180143
180367
180643
180739
180824
180855
180857
180940
181043
181136
181241
181249
181279
181298
181419
181483
181518
181562
181569
181627
181661
181670
181702
181751
181824
181829
181872
182044
182122
182262
182590
182592
183114
183182
183287
183288
183294
183357
183403
183560
183635
184011
184064
184096
184275
184280
184314
184318
184501
184508
184535
184620
184778
184779
184784
184878
184930
185020
185039
185150
185164
185216
185250
185321
185325
185364
185448
185535
185538
185546
185554
185560
185576
185577
185579
185580
185633
185636
185638
185639
185640
185641
185733
185744
186007
186142
186411
186832
186835
187123
187125
187276
187283
187447
187514
187531
187636
187638
187679
187680
187700
187707
187709
187981
188061
188139
188256
188446
188502
188534
188576
188693
188847
188867
188894
188973
189000
189004
189011
189018
189035
189188
189202
189261
189264
189310
189312
189347
189396
189398
189795
189848
189930
189944
189945
189948
190026
190057
190139
190283
190310
190333
190504
190617
190710
191282
191341
191494
191582
191856
191857
192001
192155
192158
192178
192208
192220
192291
192293
192439
192450
192686
193158
193736
194262
194970
194982
195191
195405
195600
195657
195777
195900
195998
196000
196005
196035
196411
196476
196481
196540
196640
196736
196772
196807
196938
196945
197189
197196
197525
197707
197708
197845
197856
197864
197870
198110
198450
198592
198616
198634
198673
198700
198717
198820
198993
199194
199574
199631
199677
199687
199688
199741
199763
199838
199900
199947
199950
199953
199986
200000
200002
200003
200020
200025
200031
200033
200052
200069
200234
200255
200578
200750
201019
201023
201204
201308
201372
201497
201751
201777
202092
202093
202373
202605
202614
202686
202704
202736
202740
202778
202784
202787
202806
202819
202909
202930
203602
203773
203823
204370
204702
204710
204711
204786
204805
204816
204831
204836
204839
204842
204852
204873
204896
205424
205599
205698
206185
206241
207109
207319
207321
207341
207385
207420
207504
207547
207563
207585
207603
207655
207657
207661
207666
207681
207687
207695
207715
207716
207717
207723
207754
207763
207809
207899
207901
207931
208351
208425
208499
208915
208916
208917
209054
209083
209107
209148
209149
209209
209540
209552
209791
210030
210032
210035
210107
210147
210174
210182
210210
210213
210230
210231
210232
210245
210271
210290
210292
210345
210350
210414
210421
210425
210432
210433
210434
210444
210532
210533
210686
210939
210983
210997
211021
211172
211343
211374
211375
211376
211377
211378
211379
211380
211381
211473
211613
212073
212176
212373
212374
212465
212500
212587
212606
212631
212692
212705
212723
212795
212796
212797
212924
212929
212977
212981
212991
212998
213255
213269
213629
213636
213637
213770
213771
213772
213775
213800
214081
214136
214180
214378
214432
214474
214475
214476
214485
214487
214715
214772
214819
214820
214863
214883
214911
214928
214953
215016
215021
215023
215044
215080
215089
215423
215463
215592
215809
215841
215868
215886
216241
216261
216295
216319
216331
216343
216345
216390
216428
216433
216439
216446
216451
216462
216591
216624
216757
216780
216888
216893
216897
216910
217257
217366
217398
217420
217510
217576
217603
217628
217726
218097
218400
218636
218679
218692
218752
218866
218900
218901
218914
218987
218998
219067
220229
220418
220495
220736
221019
221026
221073
221149
221150
221230
221465
221516
221628
221698
221712
221769
221908
221917
221923
222032
222403
223360
223566
223633
223685
223877
223950
224027
224067
224206
224592
224617
224693
224831
224888
224962
225033
225076
225088
225225
225232
225238
225239
225250
225254
225276
225277
225321
225711
226672
226858
226861
227065
227151
227152
227218
227310
227326
227641
227767
227770
227930
227962
227997
228029
228110
228133
228135
228136
228158
228165
228180
228883
228893
229255
229425
229440
229614
229631
229723
229737
229762
229777
229781
229836
229864
229900
230151
230155
230415
230631
230648
230656
230691
230736
230765
230975
231040
231265
231278
231307
231346
231446
231470
231486
231555
231609
231649
231666
231969
232306
232409
232553
232763
232923
232949
233292
233383
233472
233488
233522
233547
233559
233653
233661
233707
233880
233893
233943
233967
234026
234292
234294
234750
234761
235027
235201
235281
235621
235990
235999
236111
236129
236170
236305
236463
236484
236616
236683
236728
236743
236746
236784
236785
236800
236810
236811
236845
236851
236909
236984
236987
236988
237164
237187
237265
237276
237277
237693
237845
238129
238593
238710
238771
238817
239046
239071
239105
239200
239203
239282
239307
239593
239611
239645
239672
239675
239716
239792
239890
240021
240022
240364
240381
240697
240757
240871
241090
241113
241136
241153
241192
241276
241363
241364
241418
241442
241475
241509
241527
241528
241529
241538
242479
242492
242516
242523
242529
242648
242830
243000
243002
243073
243094
243096
243097
243109
243204
243262
243285
243320
243381
243440
243458
243491
243516
243526
243529
243536
243546
243591
243637
244932
245158
245417
245890
245943
245983
246132
246153
246164
246167
246171
246238
246247
246345
246504
246643
246759
246789
246821
246837
246841
246842
246861
246913
247542
247553
247652
247821
248183
248262
248321
248388
248750
248839
248908
248970
248993
249010
249044
249061
249160
249300
249302
249514
249515
249516
249519
249520
249521
249522
249523
249530
249539
249540
249541
249544
250164
250354
250370
250374
250526
250606
250719
250774
250840
251001
251018
251325
251449
251595
251621
251625
251627
252470
252794
253412
253536
253587
254299
254422
254749
254846
254863
254876
255019
255073
255257
255308
255587
255598
255703
255989
256369
256374
256537
256547
256697
256698
256699
256795
256796
256797
256813
256892
257005
257211
257212
257234
257248
257261
257296
257336
257371
257439
257515
257533
259344
259387
259905
260098
260235
260366
260508
260601
260676
260724
260824
260886
260906
261107
261108
261109
261110
261291
261690
261930
261936
262106
262295
262418
262419
262536
262705
262876
262972
263251
263255
263516
263613
263844
263906
263932
263940
264020
264033
264045
264061
264077
264131
264150
264165
264474
264476
265490
265594
265924
266051
266081
266465
266622
266646
266711
266725
266854
266887
266921
266983
267003
267017
267585
268057
268115
268242
268669
268686
269232
269243
269245
269251
269252
269300
269323
269390
269484
269485
269548
269550
269567
269589
269742
269762
270373
270472
270553
270556
270601
270725
270903
271009
271216
271235
271763
272209
272746
273230
273262
273273
273412
273836
273936
273987
273994
274020
274084
274137
274213
274246
274264
274300
274301
274302
274333
274334
274472
274810
274835
274843
274856
274860
274981
275106
275215
275264
275281
275786
275962
276568
276681
276781
276975
277106
277816
277883
278141
278197
278200
278225
278384
278386
278447
278513
278591
278609
278645
278735
278956
278986
279035
279119
279226
279274
279377
279397
279410
279723
280640
280641
280642
280652
281068
281140
281272
281445
281459
281507
281561
281564
281569
281764
281772
281820
281880
282669
282897
282903
283057
283141
283142
283277
283279
283455
283461
283786
283990
284029
284891
284919
284945
284984
284996
285937
286162
286693
286841
286842
287347
287693
287787
287829
288478
288615
288960
288961
289020
289021
289085
289116
289121
289314
289586
289587
289608
289992
290001
290074
290127
290129
291325
291387
291633
291847
291849
291855
291923
292051
292159
292160
292459
292872
292991
293131
293366
293383
293477
293499
293707
293809
293878
293909
293926
293934
293985
294295
294296
294402
294595
294600
294664
294727
294814
295299
295471
295472
295473
295565
295841
296351
296462
296525
296577
296638
296753
296819
296905
296907
296928
296950
296968
296987
297005
297026
297082
297161
297409
298877
299020
299134
299362
299755
299756
300082
300128
300150
300221
300226
300286
300300
300334
300634
300854
300892
300909
300928
300932
301021
301061
301153
301263
301394
301511
301522
301553
301566
301638
301794
302542
302652
302849
302932
303265
303546
303648
303710
303909
304233
304368
304788
304813
304908
305181
305238
305254
305287
305660
305661
305953
306019
306020
306128
306367
306479
308197
308306
308680
308798
308825
308856
309227
309295
309704
309706
309917
310222
310273
310652
311119
311231
311785
311957
313116
313892
313921
314040
314082
314163
314650
314808
314988
315012
315046
315088
315166
315174
315186
315218
315276
315493
315577
315579
316010
316020
316028
316042
316080
316084
316138
316186
316201
316202
316450
316527
316741
317452
317715
317809
317917
318412
318547
318676
318682
318694
318698
318723
318794
319009
319227
320065
320153
320260
320790
320880
320942
321024
321046
321131
321197
321324
321357
321405
321453
321484
321485
321577
322390
322510
322574
322577
322912
323552
324787
324925
325136
325366
325368
325369
325436
325455
325558
325588
325812
325973
326164
326290
327030
327082
327421
327512
327632
327695
327943
327982
327989
328305
328432
328477
328563
328870
329935
330420
330440
330455
330634
330640
330712
330836
330856
330934
331011
331105
331316
331785
331992
332084
332183
332324
332326
332530
332632
332706
332733
333508
333636
333639
333717
333744
334756
335292
335306
335799
335853
336108
336177
336203
336204
336392
336465
336680
336694
336698
337002
337044
337166
337380
337700
338274
338284
338373
339223
339486
339855
340071
340479
340891
340929
340980
341317
341359
341520
341826
341958
342000
342017
342431
342620
342764
342843
343000
343057
343134
343157
343158
343230
343322
343444
343587
343664
343743
344000
344413
344581
344641
345648
345762
345842
345868
345871
345971
345972
346261
346810
346886
346889
347028
347266
347336
347940
348034
348239
348383
348407
349237
349386
349407
349499
349606
349785
349862
350032
350178
350185
350509
350838
350969
351785
351976
352017
352148
352214
352273
352333
352646
352760
352834
352860
353189
353232
353404
353577
353595
354659
355022
355029
355276
355704
356217
356863
356975
357116
357546
358376
358675
358894
359103
359426
360072
360762
361183
361193
361267
361450
361524
361530
361690
361764
362177
362238
362316
362420
362793
362911
363115
363504
363582
363623
363706
364166
364192
364264
364566
364577
364636
364875
365130
365131
365159
365190
365250
365375
365443
365604
365739
365756
365761
365786
366252
366272
366689
366852
367392
367404
367406
367436
367488
367633
367693
367732
367943
368588
368617
368704
368719
369088
369134
369297
369423
371220
372024
372305
372573
372578
372626
374338
374354
374710
374715
374848
375005
375007
375043
375067
375176
375798
375832
376029
376084
376574
376694
377144
378002
378076
378204
378214
378370
378669
378721
378917
378920
379130
379155
379173
380480
380607
381048
381260
381323
381458
381904
382238
382900
383067
383417
383492
383508
383622
384282
384533
384815
385205
385446
385571
385695
385980
386622
388282
388370
389293
389470
389478
390743
390813
390848
391257
391795
391988
392120
392142
392225
392655
392728
394445
395141
395148
396931
397278
397279
398045
398188
399565
399673
399745
399979
400193
400308
400309
400673
400796
400811
400881
402920
403563
405207
405571
406308
406737
406957
407016
407243
410475
410619
410817
410835
410912
410928
413033
413233
414026
416252
416273
416583
417955
417978
418220
418419
418532
418689
418891
419435
419521
419858
420356
420779
421774
423097
423205
423380
423433
424200
425442
427695
428102
428259
428694
429031
429032
429033
429084
429120
429136
431397
431436
432101
432361
432971
434453
435127
435186
435552
435728
435950
436048
436149
437192
438829
438973
439718
441563
445308
445818
445917
446500
448051
448988
449922
450390
450931
451138
452307
454326
454329
454350
454352
454409
454419
454505
455739
456378
456627
456677
456731
457743
458063
461650
461981
464743
464745
465513
468725
469219
469366
469705
469748
469773
470600
471109
471143
471301
471926
472235
473503
474440
474640
475080
475802
479553
481984
481993
483454
483488
484613
484734
486170
486239
486416
486958
487617
487761
489603
491984
492112
495181
495253
495287
495759
498797
501132
503033
507490
509018
510045
510466
511238
514107
516560
517104
518458
518523
522563
523954
524607
524638
526460
526492
528997
530721
534299
535353
541132
541200
541487
541550
541565
541571
541582
541587
541618
541627
541691
541776
541842
541878
541897
541982
541983
541992
542026
542246
542461
542561
542600
542888
542926
543198
543302
543315
543581
543698
543914
544033
544325
544541
544618
545167
545394
545565
545619
545784
545839
546025
546049
546275
546756
546842
546843
546844
546845
547599
547666
549663
549744
549996
550525
551014
551231
551233
552746
552888
555112
555152
555292
555468
555955
557045
559521
560354
562446
563318
563716
570814
572217
574546
576373
576853
577881
578053
578164
579513
580123
589944
590888
594012
594032
594782
594913
596996
597148
601731
601916
605911
606339
606701
